{
	"format_version": "1.10.0",
	"minecraft:client_entity": {
		"description": {
			"identifier": "lim:magic_missile",
			"materials": {
				"default": "glint_nocull"
			},
			"textures": {
				"default": "textures/particles/magic_missile_particle"
			},
			"geometry": {
				"default": "geometry.item_sprite"
			},
			"animations": {
				"move": "animation.magic_missile.move"
			},
			"scripts": {
				"pre_animation": [
					"variable.shake = query.shake_time - query.frame_alpha;",
					"variable.shake_power = variable.shake > 0.0 ? -Math.sin(variable.shake * 200.0) * variable.shake : 0.0;"
				],
				"animate": [
					"move"
				]
			},
			"sound_effects": {
				"hit": "item.magic_missile.hit"
			},
			"render_controllers": [
				"controller.render.arrow"
			]
		}
	}
}