{
	"format_version": "1.10.0",
	"minecraft:client_entity": {
		"description": {
			"identifier": "minecraft:player",
			"materials": {
				"default": "entity_alphatest",
				"cape": "entity_alphatest",
				"animated": "player_animated",
				"fin": "entity_alphatest"
			},
			"textures": {
				"default": "textures/entity/steve",
				"cape": "textures/entity/cape_invisible",
				"fin1": "textures/entity/new_mermaid_fin_default",
				"fin2": "textures/entity/new_mermaid_fin_red",
				"fin3": "textures/entity/new_mermaid_fin_orange",
				"fin4": "textures/entity/new_mermaid_fin_yellow",
				"fin5": "textures/entity/new_mermaid_fin_green",
				"fin6": "textures/entity/new_mermaid_fin_light_blue",
				"fin7": "textures/entity/new_mermaid_fin_blue",
				"fin8": "textures/entity/new_mermaid_fin_purple",
				"fin9": "textures/entity/new_mermaid_fin_pink",
				"fin10": "textures/entity/new_mermaid_fin_white",
				"fin11": "textures/entity/new_mermaid_fin_black"
			},
			"geometry": {
				"default": "geometry.humanoid.custom",
				"fin": "geometry.player.fin",
				"cape": "geometry.cape"
			},
			"scripts": {
				"scale": "0.9375",
				"initialize": [
					"variable.is_holding_right = 0.0;",
					"variable.is_blinking = 0.0;",
					"variable.last_blink_time = 0.0;",
					"variable.hand_bob = 0.0;"
				],
				"pre_animation": [
					"variable.charge_amount = math.clamp((query.main_hand_item_max_duration - (query.main_hand_item_use_duration - query.frame_alpha + 1.0)) / 10.0, 0.0, 1.0f);",
					"variable.helmet_layer_visible = 1.0;",
					"variable.leg_layer_visible = 1.0;",
					"variable.boot_layer_visible = 1.0;",
					"variable.chest_layer_visible = 1.0;",
					"variable.attack_body_rot_y = Math.sin(360*Math.sqrt(variable.attack_time)) * 5.0;",
					"variable.tcos0 = (math.cos(query.modified_distance_moved * 38.17) * query.modified_move_speed / variable.gliding_speed_value) * 57.3;",
					"variable.first_person_rotation_factor = math.sin((1 - variable.attack_time) * 180.0);",
					"variable.hand_bob = query.life_time < 0.01 ? 0.0 : variable.hand_bob + ((query.is_on_ground && query.is_alive ? math.clamp(math.sqrt(math.pow(query.position_delta(0), 2.0) + math.pow(query.position_delta(2), 2.0)), 0.0, 0.1) : 0.0) - variable.hand_bob) * 0.02;",
					"variable.map_angle = math.clamp(1 - variable.player_x_rotation / 45.1, 0.0, 1.0);",
					"variable.item_use_normalized = query.main_hand_item_use_duration / query.main_hand_item_max_duration;"
				],
				"animate": [
					"root",
					"fin",
					{
						"ground": "(q.is_on_ground&&q.variant==1&&!q.is_swimming)"
					}
				]
			},
			"animations": {
				"ground": "animation.mermaid_fin.on_ground",
				"fin": "animation.mermaid_fin.ani",
				"root": "controller.animation.player.root"
			},
			"render_controllers": [
				{
					"controller.render.player.fin": "q.variant==1"
				},
				{
					"controller.render.player.first_person": "variable.is_first_person"
				},
				{
					"controller.render.player.third_person": "!variable.is_first_person&&!variable.map_face_icon"
				},
				{
					"controller.render.player.map": "variable.map_face_icon"
				}
			],
			"enable_attachables": true
		}
	}
}