{
	"format_version": "1.10.0",
	"render_controllers": {
		"controller.render.player.fin": {
			"geometry": "geometry.fin",
			"materials": [
				{
					"*": "material.fin"
				}
			],
			"arrays": {
				"textures": {
					"Array.mer": [
						"Texture.fin1",
						"Texture.fin2",
						"Texture.fin3",
						"Texture.fin4",
						"Texture.fin5",
						"Texture.fin6",
						"Texture.fin7",
						"Texture.fin8",
						"Texture.fin9",
						"Texture.fin10",
						"Texture.fin11"
					]
				}
			},
			"textures": [
				"array.mer[q.property('lim:color')]"
			],
			"on_fire_color": {
				"r": 1,
				"g": 1,
				"b": 1,
				"a": 0.65
			},
			"is_hurt_color": {
				"r": "math.sin(query.life_time*300)*0.25+0.4",
				"g": "math.sin(query.life_time*600)*0.25+0.4",
				"b": "math.sin(query.life_time*900)*0.25+0.4",
				"a": 0.65
			},
			"part_visibility": [
				{
					"*": true
				},
				{
					"head": true
				},
				{
					"hat": true
				},
				{
					"helmet": true
				},
				{
					"leftBoot": "!(query.variant == 1)"
				},
				{
					"rightBoot": "!(query.variant == 1)"
				},
				{
					"leftLegging": "!(query.variant == 1)"
				},
				{
					"rightLegging": "!(query.variant == 1)"
				},
				{
					"rightLeg": "!(query.variant == 1)"
				},
				{
					"leftLeg": "!(query.variant == 1)"
				},
				{
					"rightPants": "!(query.variant == 1)"
				},
				{
					"leftPants": "!(query.variant == 1)"
				},
				{
					"leftSock": "!(query.variant == 1)"
				},
				{
					"rightSock": "!(query.variant == 1)"
				},
				{
					"fin1": "(q.property('lim:is_mermaid')==true)"
				},
				{
					"aaa": "(q.property('lim:is_mermaid')==true)"
				},
				{
					"curve1_44": "(q.property('lim:is_mermaid')==true)"
				},
				{
					"curve1_22": "(q.property('lim:is_mermaid')==true)"
				},
				{
					"side2": "(q.property('lim:is_mermaid')==true)"
				},
				{
					"side_curve1_22": "(q.property('lim:is_mermaid')==true)"
				},
				{
					"side_curve1_33": "(q.property('lim:is_mermaid')==true)"
				},
				{
					"cover1_1": "(q.property('lim:is_mermaid')==true)"
				},
				{
					"cover1_2": "(q.property('lim:is_mermaid')==true)"
				},
				{
					"curve1_1": "(q.property('lim:is_mermaid')==true)"
				},
				{
					"curve1_3": "(q.property('lim:is_mermaid')==true)"
				},
				{
					"fin2": "(q.property('lim:is_mermaid')==true)"
				},
				{
					"front2": "(q.property('lim:is_mermaid')==true)"
				},
				{
					"curve2_4": "(q.property('lim:is_mermaid')==true)"
				},
				{
					"curve2_3": "(q.property('lim:is_mermaid')==true)"
				},
				{
					"side_curve3": "(q.property('lim:is_mermaid')==true)"
				},
				{
					"side_curve5": "(q.property('lim:is_mermaid')==true)"
				},
				{
					"front": "(q.property('lim:is_mermaid')==true)"
				},
				{
					"curve2_1": "(q.property('lim:is_mermaid')==true)"
				},
				{
					"curveaa": "(q.property('lim:is_mermaid')==true)"
				},
				{
					"curve2_2": "(q.property('lim:is_mermaid')==true)"
				},
				{
					"side_curve2": "(q.property('lim:is_mermaid')==true)"
				},
				{
					"side_curve4": "(q.property('lim:is_mermaid')==true)"
				},
				{
					"fin2_2": "(q.property('lim:is_mermaid')==true)"
				},
				{
					"cover2_1": "(q.property('lim:is_mermaid')==true)"
				},
				{
					"cover2_2": "(q.property('lim:is_mermaid')==true)"
				},
				{
					"fin3": "(q.property('lim:is_mermaid')==true)"
				},
				{
					"side_curve": "(q.property('lim:is_mermaid')==true)"
				},
				{
					"sidel": "(q.property('lim:is_mermaid')==true)"
				},
				{
					"side3": "(q.property('lim:is_mermaid')==true)"
				},
				{
					"side_curve6": "(q.property('lim:is_mermaid')==true)"
				},
				{
					"side4": "(q.property('lim:is_mermaid')==true)"
				},
				{
					"side5": "(q.property('lim:is_mermaid')==true)"
				},
				{
					"front5": "(q.property('lim:is_mermaid')==true)"
				},
				{
					"curve3_4": "(q.property('lim:is_mermaid')==true)"
				},
				{
					"curve3_2": "(q.property('lim:is_mermaid')==true)"
				},
				{
					"curve3_3": "(q.property('lim:is_mermaid')==true)"
				},
				{
					"curve3_1": "(q.property('lim:is_mermaid')==true)"
				},
				{
					"front3": "(q.property('lim:is_mermaid')==true)"
				},
				{
					"cover3_2": "(q.property('lim:is_mermaid')==true)"
				},
				{
					"cover3_1": "(q.property('lim:is_mermaid')==true)"
				},
				{
					"front4": "(q.property('lim:is_mermaid')==true)"
				},
				{
					"cover3_3": "(q.property('lim:is_mermaid')==true)"
				},
				{
					"cover3_4": "(q.property('lim:is_mermaid')==true)"
				},
				{
					"fin4": "(q.property('lim:is_mermaid')==true)"
				},
				{
					"front8": "(q.property('lim:is_mermaid')==true)"
				},
				{
					"cover3_7": "(q.property('lim:is_mermaid')==true)"
				},
				{
					"cover3_8": "(q.property('lim:is_mermaid')==true)"
				},
				{
					"front6": "(q.property('lim:is_mermaid')==true)"
				},
				{
					"cover3_5": "(q.property('lim:is_mermaid')==true)"
				},
				{
					"cover3_6": "(q.property('lim:is_mermaid')==true)"
				},
				{
					"front7": "(q.property('lim:is_mermaid')==true)"
				},
				{
					"curve3_5": "(q.property('lim:is_mermaid')==true)"
				},
				{
					"curve3_6": "(q.property('lim:is_mermaid')==true)"
				},
				{
					"curve3_7": "(q.property('lim:is_mermaid')==true)"
				},
				{
					"curve3_8": "(q.property('lim:is_mermaid')==true)"
				},
				{
					"side_set": "(q.property('lim:is_mermaid')==true)"
				},
				{
					"side_curve7": "(q.property('lim:is_mermaid')==true)"
				},
				{
					"side6": "(q.property('lim:is_mermaid')==true)"
				},
				{
					"side7": "(q.property('lim:is_mermaid')==true)"
				},
				{
					"side_curve8": "(q.property('lim:is_mermaid')==true)"
				},
				{
					"side8": "(q.property('lim:is_mermaid')==true)"
				},
				{
					"side9": "(q.property('lim:is_mermaid')==true)"
				},
				{
					"fin5": "(q.property('lim:is_mermaid')==true)"
				},
				{
					"front_": "(q.property('lim:is_mermaid')==true)"
				},
				{
					"front10": "(q.property('lim:is_mermaid')==true)"
				},
				{
					"cover3_9": "(q.property('lim:is_mermaid')==true)"
				},
				{
					"cover3_10": "(q.property('lim:is_mermaid')==true)"
				},
				{
					"front11": "(q.property('lim:is_mermaid')==true)"
				},
				{
					"cover3_11": "(q.property('lim:is_mermaid')==true)"
				},
				{
					"cover3_12": "(q.property('lim:is_mermaid')==true)"
				},
				{
					"fin6": "(q.property('lim:is_mermaid')==true)"
				},
				{
					"side_set3": "(q.property('lim:is_mermaid')==true)"
				},
				{
					"side_curve12": "(q.property('lim:is_mermaid')==true)"
				},
				{
					"side16": "(q.property('lim:is_mermaid')==true)"
				},
				{
					"side17": "(q.property('lim:is_mermaid')==true)"
				},
				{
					"side_curve11": "(q.property('lim:is_mermaid')==true)"
				},
				{
					"side14": "(q.property('lim:is_mermaid')==true)"
				},
				{
					"side15": "(q.property('lim:is_mermaid')==true)"
				},
				{
					"front14": "(q.property('lim:is_mermaid')==true)"
				},
				{
					"curve3_13": "(q.property('lim:is_mermaid')==true)"
				},
				{
					"curve3_14": "(q.property('lim:is_mermaid')==true)"
				},
				{
					"curve3_15": "(q.property('lim:is_mermaid')==true)"
				},
				{
					"curve3_16": "(q.property('lim:is_mermaid')==true)"
				},
				{
					"fin7": "(q.property('lim:is_mermaid')==true)"
				},
				{
					"side__": "(q.property('lim:is_mermaid')==true)"
				},
				{
					"side_": "(q.property('lim:is_mermaid')==true)"
				},
				{
					"side__2": "(q.property('lim:is_mermaid')==true)"
				},
				{
					"side_2": "(q.property('lim:is_mermaid')==true)"
				},
				{
					"front_7": "(q.property('lim:is_mermaid')==true)"
				},
				{
					"front__7": "(q.property('lim:is_mermaid')==true)"
				},
				{
					"front_3": "(q.property('lim:is_mermaid')==true)"
				},
				{
					"front__2": "(q.property('lim:is_mermaid')==true)"
				},
				{
					"front_4": "(q.property('lim:is_mermaid')==true)"
				},
				{
					"cover": "(q.property('lim:is_mermaid')==true)"
				},
				{
					"cover2": "(q.property('lim:is_mermaid')==true)"
				},
				{
					"cover3": "(q.property('lim:is_mermaid')==true)"
				},
				{
					"fin8": "(q.property('lim:is_mermaid')==true)"
				},
				{
					"cover8_4": "(q.property('lim:is_mermaid')==true)"
				},
				{
					"side_3": "(q.property('lim:is_mermaid')==true)"
				},
				{
					"side__3": "(q.property('lim:is_mermaid')==true)"
				},
				{
					"side_4": "(q.property('lim:is_mermaid')==true)"
				},
				{
					"side__4": "(q.property('lim:is_mermaid')==true)"
				},
				{
					"finrot": "(q.property('lim:is_mermaid')==true)"
				},
				{
					"finrot2": "(q.property('lim:is_mermaid')==true)"
				},
				{
					"fin9": "(q.property('lim:is_mermaid')==true)"
				},
				{
					"cover9_1": "(q.property('lim:is_mermaid')==true)"
				},
				{
					"cover9_3": "(q.property('lim:is_mermaid')==true)"
				},
				{
					"cover9_2": "(q.property('lim:is_mermaid')==true)"
				},
				{
					"cover9_4": "(q.property('lim:is_mermaid')==true)"
				},
				{
					"front3_3": "(q.property('lim:is_mermaid')==true)"
				},
				{
					"front__5": "(q.property('lim:is_mermaid')==true)"
				},
				{
					"front3_4": "(q.property('lim:is_mermaid')==true)"
				},
				{
					"front__6": "(q.property('lim:is_mermaid')==true)"
				},
				{
					"side_5": "(q.property('lim:is_mermaid')==true)"
				},
				{
					"side__5": "(q.property('lim:is_mermaid')==true)"
				},
				{
					"side_6": "(q.property('lim:is_mermaid')==true)"
				},
				{
					"side__6": "(q.property('lim:is_mermaid')==true)"
				},
				{
					"fin10": "(q.property('lim:is_mermaid')==true)"
				},
				{
					"fin11": "(q.property('lim:is_mermaid')==true)"
				},
				{
					"cover9_9": "(q.property('lim:is_mermaid')==true)"
				},
				{
					"cover9_10": "(q.property('lim:is_mermaid')==true)"
				},
				{
					"cover9_11": "(q.property('lim:is_mermaid')==true)"
				},
				{
					"cover9_12": "(q.property('lim:is_mermaid')==true)"
				},
				{
					"front3_7": "(q.property('lim:is_mermaid')==true)"
				},
				{
					"front__10": "(q.property('lim:is_mermaid')==true)"
				},
				{
					"front3_8": "(q.property('lim:is_mermaid')==true)"
				},
				{
					"front__11": "(q.property('lim:is_mermaid')==true)"
				},
				{
					"side_9": "(q.property('lim:is_mermaid')==true)"
				},
				{
					"side__9": "(q.property('lim:is_mermaid')==true)"
				},
				{
					"side_10": "(q.property('lim:is_mermaid')==true)"
				},
				{
					"side__10": "(q.property('lim:is_mermaid')==true)"
				},
				{
					"fin12": "(q.property('lim:is_mermaid')==true)"
				},
				{
					"cover9_13": "(q.property('lim:is_mermaid')==true)"
				},
				{
					"cover9_14": "(q.property('lim:is_mermaid')==true)"
				},
				{
					"cover9_15": "(q.property('lim:is_mermaid')==true)"
				},
				{
					"cover9_16": "(q.property('lim:is_mermaid')==true)"
				},
				{
					"front3_9": "(q.property('lim:is_mermaid')==true)"
				},
				{
					"front__12": "(q.property('lim:is_mermaid')==true)"
				},
				{
					"front3_10": "(q.property('lim:is_mermaid')==true)"
				},
				{
					"front__13": "(q.property('lim:is_mermaid')==true)"
				},
				{
					"side_11": "(q.property('lim:is_mermaid')==true)"
				},
				{
					"side__11": "(q.property('lim:is_mermaid')==true)"
				},
				{
					"side_12": "(q.property('lim:is_mermaid')==true)"
				},
				{
					"side__12": "(q.property('lim:is_mermaid')==true)"
				},
				{
					"tail_finRot1": "(q.property('lim:is_mermaid')==true)"
				},
				{
					"tail_fin": "(q.property('lim:is_mermaid')==true)"
				},
				{
					"tail_fin2_1": "(q.property('lim:is_mermaid')==true)"
				},
				{
					"tail_fin2_2": "(q.property('lim:is_mermaid')==true)"
				},
				{
					"tail_cover": "(q.property('lim:is_mermaid')==true)"
				},
				{
					"tail_coverRot1": "(q.property('lim:is_mermaid')==true)"
				},
				{
					"flat": "(q.property('lim:is_mermaid')==true)"
				},
				{
					"cover9_5": "(q.property('lim:is_mermaid')==true)"
				},
				{
					"cover9_6": "(q.property('lim:is_mermaid')==true)"
				},
				{
					"cover9_7": "(q.property('lim:is_mermaid')==true)"
				},
				{
					"cover9_8": "(q.property('lim:is_mermaid')==true)"
				},
				{
					"front3_5": "(q.property('lim:is_mermaid')==true)"
				},
				{
					"front__8": "(q.property('lim:is_mermaid')==true)"
				},
				{
					"front3_6": "(q.property('lim:is_mermaid')==true)"
				},
				{
					"front__9": "(q.property('lim:is_mermaid')==true)"
				},
				{
					"side_7": "(q.property('lim:is_mermaid')==true)"
				},
				{
					"side__7": "(q.property('lim:is_mermaid')==true)"
				},
				{
					"side_8": "(q.property('lim:is_mermaid')==true)"
				},
				{
					"side__8": "(q.property('lim:is_mermaid')==true)"
				},
				{
					"cover__": "(q.property('lim:is_mermaid')==true)"
				},
				{
					"cover__3": "(q.property('lim:is_mermaid')==true)"
				},
				{
					"cover__2": "(q.property('lim:is_mermaid')==true)"
				},
				{
					"front3_": "(q.property('lim:is_mermaid')==true)"
				},
				{
					"front__3": "(q.property('lim:is_mermaid')==true)"
				},
				{
					"front3_2": "(q.property('lim:is_mermaid')==true)"
				},
				{
					"front__4": "(q.property('lim:is_mermaid')==true)"
				},
				{
					"front_2": "(q.property('lim:is_mermaid')==true)"
				},
				{
					"front12": "(q.property('lim:is_mermaid')==true)"
				},
				{
					"cover3_13": "(q.property('lim:is_mermaid')==true)"
				},
				{
					"cover3_14": "(q.property('lim:is_mermaid')==true)"
				},
				{
					"front13": "(q.property('lim:is_mermaid')==true)"
				},
				{
					"cover3_15": "(q.property('lim:is_mermaid')==true)"
				},
				{
					"cover3_16": "(q.property('lim:is_mermaid')==true)"
				},
				{
					"side_set2": "(q.property('lim:is_mermaid')==true)"
				},
				{
					"side_curve9": "(q.property('lim:is_mermaid')==true)"
				},
				{
					"side10": "(q.property('lim:is_mermaid')==true)"
				},
				{
					"side11": "(q.property('lim:is_mermaid')==true)"
				},
				{
					"side_curve10": "(q.property('lim:is_mermaid')==true)"
				},
				{
					"side12": "(q.property('lim:is_mermaid')==true)"
				},
				{
					"side18": "(q.property('lim:is_mermaid')==true)"
				},
				{
					"side13": "(q.property('lim:is_mermaid')==true)"
				},
				{
					"front9": "(q.property('lim:is_mermaid')==true)"
				},
				{
					"curve3_9": "(q.property('lim:is_mermaid')==true)"
				},
				{
					"curve3_10": "(q.property('lim:is_mermaid')==true)"
				},
				{
					"curve3_11": "(q.property('lim:is_mermaid')==true)"
				},
				{
					"curve3_12": "(q.property('lim:is_mermaid')==true)"
				},
				{
					"side": "(q.property('lim:is_mermaid')==true)"
				},
				{
					"side_curve1_1": "(q.property('lim:is_mermaid')==true)"
				},
				{
					"side_curve1_4": "(q.property('lim:is_mermaid')==true)"
				}
			]
		},
		"controller.render.player.sh": {
			"geometry": "geometry.default",
			"materials": [
				{
					"*": "material.default"
				}
			],
			"textures": [
				"texture.default"
			],
			"on_fire_color": {
				"r": 1,
				"g": 1,
				"b": 1,
				"a": 0.65
			}
		},
		"controller.render.player.frame": {
			"geometry": "geometry.sh",
			"materials": [
				{
					"*": "material.default"
				}
			],
			"arrays": {
				"textures": {
					"Array.frame": [
						"Texture.sh1"
					]
				}
			},
			"on_fire_color": {
				"r": 1,
				"g": 1,
				"b": 1,
				"a": 0.65
			},
			"overlay_color": {
				"r": "math.sin(query.life_time*300)*0.25+0.4",
				"g": "math.sin(query.life_time*600)*0.25+0.4",
				"b": "math.sin(query.life_time*900)*0.25+0.4",
				"a": 0.9
			},
			"textures": [
				"array.frame[0]"
			],
			"part_visibility": [
				{
					"rot": "!query.is_using_item"
				},
				{
					"center": "!query.is_using_item"
				},
				{
					"center_scale": "!query.is_using_item"
				}
			]
		}
	}
}