{
	"format_version": "1.20.20",
	"minecraft:item": {
		"description": {
			"identifier": "lim:diadem",
			"menu_category": {
				"category": "equipment"
			}
		},
		"components": {
			"minecraft:icon": "dia",
			"minecraft:creative_category": {
				"parent": "itemGroup.name.helmet"
			},
			"minecraft:max_stack_size": 1,
			"minecraft:enchantable": {
				"value": 10,
				"slot": "armor_head"
			},
			"minecraft:glint": true,
			"minecraft:wearable": {
				"slot": "slot.armor.head",
				"protection": 11
			}
		}
	}
}