{
	"format_version": "1.20.20",
	"minecraft:item": {
		"description": {
			"identifier": "lim:magic_circle",
			"category": "Equipment"
		},
		"components": {
			"minecraft:icon": {
				"texture": "mag"
			},
			"minecraft:creative_category": {
				"parent": "itemGroup.name.chestplate"
			},
			"minecraft:max_stack_size": 1,
			"minecraft:enchantable": {
				"value": 10,
				"slot": "armor_torso"
			},
			"minecraft:durability": {
				"max_durability": 590,
				"damage_chance": {
					"min": 60,
					"max": 100
				}
			},
			"minecraft:mining_speed": 5,
			"minecraft:wearable": {
				"slot": "slot.armor.chest",
				"protection": 11
			},
			"minecraft:display_name": {}
		}
	}
}