{
	"format_version": "1.20.20",
	"minecraft:item": {
		"description": {
			"identifier": "lim:pattern_of_the_ancient_sea",
			"category": "Equipment"
		},
		"components": {
			"minecraft:icon": {
				"texture": "anc"
			},
			"minecraft:creative_category": {
				"parent": "itemGroup.name.boots"
			},
			"minecraft:max_stack_size": 1,
			"minecraft:enchantable": {
				"value": 10,
				"slot": "armor_feet"
			},
			"minecraft:mining_speed": 5,
			"minecraft:wearable": {
				"slot": "slot.armor.feet",
				"protection": 11
			}
		}
	}
}