{
	"format_version": "1.20.20",
	"minecraft:item": {
		"description": {
			"identifier": "lim:sirens_tears",
			"menu_category": {
				"category": "equipment"
			}
		},
		"components": {
			"minecraft:icon": "sirens_tears",
			"minecraft:display_name": {
				"value": "item.lim:sirens_tears.name"
			},
			"minecraft:on_use": {
				"on_use": {
					"event": "tag"
				}
			},
			"minecraft:max_stack_size": 1,
			"minecraft:allow_off_hand": false,
			"minecraft:can_destroy_in_creative": false,
			"minecraft:cooldown": {
				"category": "chorusfruit",
				"duration": 0.5
			}
		}
	}
}