{
	"format_version": "1.10.0",
	"animation_controllers": {
		"controller.animation.trident.wield": {
			"initial_state": "first_person",
			"states": {
				"first_person": {
					"animations": [
						"wield_first_person",
						{
							"wield_first_person_raise": "query.main_hand_item_use_duration>0"
						},
						{
							"wield_first_person_riptide": "query.can_damage_nearby_mobs>0"
						}
					],
					"transitions": [
						{
							"third_person": "!c.is_first_person"
						}
					]
				},
				"third_person": {
					"animations": [
						"wield_third_person",
						{
							"wield_third_person_raise": "query.main_hand_item_use_duration>0"
						}
					],
					"transitions": [
						{
							"first_person": "c.is_first_person"
						}
					]
				}
			}
		}
	}
}