{
	"format_version": "1.18.0",
	"minecraft:entity": {
		"description": {
			"identifier": "lim:magic_missile",
			"is_spawnable": true,
			"is_summonable": true,
			"is_experimental": false
		},
		"components": {
			"minecraft:collision_box": {
				"width": 0.1,
				"height": 0.1
			},
			"minecraft:damage_sensor": {
				"triggers": [
					{
						"cause": "all",
						"deals_damage": false
					}
				]
			},
			"minecraft:hurt_on_condition": {
				"damage_conditions": [
					{
						"filters": {
							"test": "in_lava",
							"subject": "self",
							"operator": "==",
							"value": true
						},
						"cause": "lava",
						"damage_per_tick": 4
					}
				]
			},
			"minecraft:projectile": {
				"on_hit": {
					"impact_damage": {
						"damage": 4,
						"knockback": true,
						"semi_random_diff_damage": false,
						"destroy_on_hit": true
					},
					"stick_in_ground": {
						"shake_time": 0
					}
				},
				"liquid_inertia": 0.99,
				"hit_sound": "item.trident.hit_ground",
				"hit_ground_sound": "bubble.pop",
				"power": 8,
				"gravity": 0.01,
				"uncertainty_base": 0,
				"uncertainty_multiplier": 0,
				"stop_on_hurt": false,
				"anchor": 1,
				"should_bounce": false,
				"multiple_targets": true,
				"offset": [
					0,
					-0.1,
					0
				]
			},
			"minecraft:physics": {
				"has_gravity": false,
				"has_collision": false
			},
			"minecraft:pushable": {
				"is_pushable": false,
				"is_pushable_by_piston": false
			},
			"minecraft:conditional_bandwidth_optimization": {
				"default_values": {
					"max_optimized_distance": 80,
					"max_dropped_ticks": 1,
					"use_motion_prediction_hints": true
				}
			}
		},
		"component_groups": {
			"lim:life_timer": {
				"minecraft:timer": {
					"time": 1,
					"looping": false,
					"time_down_event": {
						"event": "lim:despawn"
					}
				}
			},
			"lim:instant_despawn": {
				"minecraft:instant_despawn": {}
			}
		},
		"events": {
			"lim:despawn": {
				"remove": {
					"component_groups": [
						"lim:life_timer"
					]
				},
				"add": {
					"component_groups": [
						"lim:instant_despawn"
					]
				}
			},
			"minecraft:entity_spawned": {
				"add": {
					"component_groups": [
						"lim:life_timer"
					]
				}
			}
		}
	}
}