{
	"format_version": "1.10.0",
	"particle_effect": {
		"description": {
			"identifier": "lim:warp",
			"basic_render_parameters": {
				"material": "particles_add",
				"texture": "textures/particle/particles"
			}
		},
		"components": {
			"minecraft:emitter_initialization": {
				"creation_expression": "variable.size=0.2;variable.radius=1.5;"
			},
			"minecraft:emitter_local_space": {
				"position": true,
				"rotation": true
			},
			"minecraft:emitter_rate_steady": {
				"spawn_rate": 100,
				"max_particles": 300
			},
			"minecraft:emitter_lifetime_once": {
				"active_time": 1
			},
			"minecraft:emitter_shape_point": {
				"offset": [
					"math.sin(variable.particle_random_1*360)*variable.radius",
					"variable.emitter_random_1*0.25-1.9",
					"math.cos(variable.particle_random_1*360)*variable.radius"
				],
				"direction": [
					"-math.cos(variable.particle_random_1*360)*variable.radius",
					0,
					"math.sin(variable.particle_random_1*360)*variable.radius"
				]
			},
			"minecraft:particle_lifetime_expression": {
				"max_lifetime": "math.random(0.2,0.3)"
			},
			"minecraft:particle_initial_spin": {
				"rotation": "math.atan2(math.sin(variable.particle_random_1*360)*variable.radius,math.cos(variable.particle_random_1*360)*variable.radius)",
				"rotation_rate": "-40+70*variable.particle_age"
			},
			"minecraft:particle_initial_speed": 5,
			"minecraft:particle_motion_dynamic": {
				"linear_acceleration": [
					"math.random(-1,1)*0.1",
					"6*variable.particle_age*(variable.particle_age-3)*(1+math.sin(variable.particle_random_1*360))",
					"math.random(-1,1)*0.1"
				],
				"rotation_acceleration": "-70*variable.particle_age",
				"rotation_drag_coefficient": 1
			},
			"minecraft:particle_appearance_billboard": {
				"size": [
					"variable.size*math.random(1,2)*(1.4-variable.particle_age)",
					"0.2*variable.size*(1.5-variable.particle_age)"
				],
				"facing_camera_mode": "emitter_transform_xz",
				"uv": {
					"texture_width": 128,
					"texture_height": 128,
					"uv": [
						32,
						88
					],
					"uv_size": [
						8,
						8
					]
				}
			},
			"minecraft:particle_appearance_tinting": {
				"color": [
					"Math.clamp(Math.random(0.7,0.9)*(Math.sin(v.particle_age*300)*0.25 + 0.5), 0, 1)",
					"Math.clamp(Math.random(0.7,0.9)*(Math.sin(v.particle_age*300)*0.25 + 0.5), 0, 1)",
					"Math.clamp(Math.random(0.9,1.0)*(Math.sin(v.particle_age*300)*0.25 + 0.5), 0, 1)",
					1
				]
			}
		}
	}
}