{
  "resource_pack_name": "Item Resource",
  "texture_name": "atlas.items",
  "texture_data": {
    "mag": {
      "textures": [
        "textures/items/magic_circle"
      ]
    },
    "anc": {
      "textures": [
        "textures/items/ancient_pattern"
      ]
    },
    "dia": {
      "textures": [
        "textures/items/diadem"
      ]
    },
    "ete": {
      "textures": [
        "textures/items/eternity_fin"
      ]
    },
    "toc": {
      "textures": [
        "textures/items/mermaid_fin_stone"
      ]
    },
    "mel": {
      "textures": [
        "textures/items/elixir"
      ]
    },
    "sirens_tears": {
      "textures": [
        "textures/items/sirens_tears"
      ]
    },
    "sea_of_lament": {
      "textures": [
        "textures/items/staff_icon"
      ]
    }
  }
}