{
  "format_version": "1.10",
  "minecraft:attachable": {
    "description": {
      "identifier": "minecraft:trident.player",
      "item": {
        "minecraft:trident": "query.owner_identifier == 'minecraft:player'"
      },
      "materials": {
        "default": "glint_nocull"
      },
      "textures": {
        "default": "textures/entity/trident",
        "sh1": "textures/entity/sh1"
        // "sh2": "textures/entity/sh2",
        // "sh3": "textures/entity/sh3",
        // "sh4": "textures/entity/sh4",
        // "sh5": "textures/entity/sh5",
        // "sh6": "textures/entity/sh6",
        // "sh7": "textures/entity/sh7",
        // "sh8": "textures/entity/sh8",
        // "sh9": "textures/entity/sh9",
        // "sh10": "textures/entity/sh10",
        // "sh11": "textures/entity/sh11",
        // "sh12": "textures/entity/sh12"
      },
      "geometry": {
        "default": "geometry.trident",
        "sh": "geometry.sh"
      },
      "animations": {
        "an": "animation.shackles.seiren_resonance",
        "wield": "controller.animation.trident.wield",
        "wield_first_person": "animation.trident.wield_first_person",
        "wield_first_person_raise": "animation.trident.wield_first_person_raise",
        "wield_first_person_raise_shake": "animation.trident.wield_first_person_raise_shake",
        "wield_first_person_riptide": "animation.trident.wield_first_person_riptide",
        "wield_third_person": "animation.trident.wield_third_person",
        "wield_third_person_raise": "animation.trident.wield_third_person_raise"
      },
      "scripts": {
        "pre_animation": [
          "variable.charge_amount = math.clamp((query.main_hand_item_max_duration - (query.main_hand_item_use_duration - query.frame_alpha + 1.0)) / 10.0, 0.0, 1.0f);",
          "variable.frame = (Math.floor(query.life_time * 60.0) + query.frame_alpha);"
        ],
        "animate": [
          "an",
          "wield"
        ]
      },
      "render_controllers": [
        {
          "controller.render.player.frame": true
        },
        {
          "controller.render.player.sh": "query.is_using_item"
        }
      ]
    }
  }
}