{
    "format_version": "1.10.0",
    "minecraft:attachable": {
        "description": {
            "identifier": "lim:sirens_tears",
            "materials": {
                "default": "entity_alphatest",
                "enchanted": "armor_enchanted"
            },
            "textures": {
                "default": "textures/items/sirens_tears",
                "enchanted": "textures/misc/enchanted_item_glint"
            },
            "geometry": {
                "default": "geometry.large_item"
            },
            "animations": {
                "hold": "animation.large_item.hold"
            },
            "scripts": {
                "animate": [
                    "hold"
                ]
            },
            "render_controllers": [
                "controller.render.large_item"
            ]
        }
    }
}