{
	"format_version": "1.10.0",
	"geometry.player.fin": {
		"texturewidth": 512,
		"textureheight": 128,
		"visible_bounds_width": 17,
		"visible_bounds_height": 13,
		"visible_bounds_offset": [
			0,
			2.5,
			0
		],
		"bones": [
			{
				"name": "root",
				"pivot": [
					0,
					0,
					0
				]
			},
			{
				"name": "waist",
				"parent": "root",
				"pivot": [
					0,
					12,
					0
				]
			},
			{
				"name": "body",
				"parent": "waist",
				"pivot": [
					0,
					24,
					0
				]
			},
			{
				"name": "fin1",
				"parent": "body",
				"pivot": [
					0,
					12,
					0
				],
				"rotation": [
					0,
					180,
					0
				],
				"cubes": [
					{
						"origin": [
							-3.07,
							8.02,
							-2
						],
						"size": [
							6.14,
							4,
							4
						],
						"uv": [
							40,
							31
						],
						"inflate": 0.075
					},
					{
						"origin": [
							-1.49422,
							8,
							0.935
						],
						"size": [
							3,
							4,
							2
						],
						"uv": [
							10,
							49
						],
						"inflate": 0.07
					}
				]
			},
			{
				"name": "aaa",
				"parent": "fin1",
				"pivot": [
					3.5,
					12,
					2.5
				],
				"rotation": [
					2.5,
					0,
					0
				],
				"cubes": [
					{
						"origin": [
							-1.5,
							8.2,
							-3.0278
						],
						"size": [
							3,
							4,
							1
						],
						"uv": [
							32,
							66
						],
						"inflate": 0.01
					}
				]
			},
			{
				"name": "curve1_44",
				"parent": "aaa",
				"pivot": [
					-3.5,
					12,
					2.5
				],
				"rotation": [
					0,
					-12.5,
					0
				],
				"cubes": [
					{
						"origin": [
							0.12355,
							8.22663,
							-3.89006
						],
						"size": [
							2,
							4,
							5
						],
						"uv": [
							14,
							40
						],
						"inflate": 0.07
					}
				]
			},
			{
				"name": "curve1_22",
				"parent": "aaa",
				"pivot": [
					3.5,
					12,
					2.5
				],
				"rotation": [
					0,
					12.5,
					0
				],
				"cubes": [
					{
						"origin": [
							-2.10983,
							8.20551,
							-3.86117
						],
						"size": [
							2,
							4,
							5
						],
						"uv": [
							0,
							40
						],
						"inflate": 0.07
					}
				]
			},
			{
				"name": "side2",
				"parent": "fin1",
				"pivot": [
					4,
					8,
					0
				]
			},
			{
				"name": "side_curve1_22",
				"parent": "side2",
				"pivot": [
					-6,
					8,
					0
				],
				"rotation": [
					0,
					-12.5,
					0
				],
				"cubes": [
					{
						"origin": [
							3.28364,
							8.015,
							-2.23997
						],
						"size": [
							1,
							4,
							2
						],
						"uv": [
							48,
							81
						],
						"inflate": 0.07
					}
				]
			},
			{
				"name": "side_curve1_33",
				"parent": "side2",
				"pivot": [
					-6,
					8,
					0
				],
				"rotation": [
					0,
					15,
					0
				],
				"cubes": [
					{
						"origin": [
							3.18042,
							8.015,
							0.66181
						],
						"size": [
							1,
							4,
							2
						],
						"uv": [
							54,
							81
						],
						"inflate": 0.07
					}
				]
			},
			{
				"name": "cover1_1",
				"parent": "fin1",
				"pivot": [
					-4,
					12,
					2
				],
				"rotation": [
					0,
					50,
					0
				],
				"cubes": [
					{
						"origin": [
							-4.30565,
							7.815,
							1.77351
						],
						"size": [
							1,
							4.35,
							1
						],
						"uv": [
							44,
							92
						],
						"inflate": -0.11
					},
					{
						"origin": [
							2.41371,
							7.835,
							4.65652
						],
						"size": [
							2,
							4.35,
							1
						],
						"uv": [
							54,
							87
						],
						"inflate": -0.11
					}
				]
			},
			{
				"name": "cover1_2",
				"parent": "fin1",
				"pivot": [
					4,
					12,
					2
				],
				"rotation": [
					0,
					-50,
					0
				],
				"cubes": [
					{
						"origin": [
							3.26066,
							7.835,
							1.82713
						],
						"size": [
							1,
							4.35,
							1
						],
						"uv": [
							40,
							92
						],
						"inflate": -0.11
					},
					{
						"origin": [
							-4.38107,
							7.815,
							4.65826
						],
						"size": [
							1.5,
							4.35,
							1
						],
						"uv": [
							36,
							92
						],
						"inflate": -0.11
					}
				]
			},
			{
				"name": "curve1_1",
				"parent": "fin1",
				"pivot": [
					-3.5,
					12,
					2.5
				],
				"rotation": [
					0,
					-12.5,
					0
				],
				"cubes": [
					{
						"origin": [
							-3.5,
							8,
							-2.5
						],
						"size": [
							2,
							4,
							5
						],
						"uv": [
							74,
							31
						],
						"inflate": 0.07
					}
				]
			},
			{
				"name": "curve1_3",
				"parent": "fin1",
				"pivot": [
					3.5,
					12,
					2.5
				],
				"rotation": [
					0,
					12.5,
					0
				],
				"cubes": [
					{
						"origin": [
							1.5,
							8,
							-2.5
						],
						"size": [
							2,
							4,
							5
						],
						"uv": [
							60,
							31
						],
						"inflate": 0.07
					}
				]
			},
			{
				"name": "fin2",
				"parent": "fin1",
				"pivot": [
					0,
					8,
					-1
				],
				"cubes": [
					{
						"origin": [
							-4,
							5.1,
							-2
						],
						"size": [
							8,
							4,
							4
						],
						"uv": [
							72,
							22
						],
						"inflate": -0.08
					}
				]
			},
			{
				"name": "front2",
				"parent": "fin2",
				"pivot": [
					-3,
					5,
					2
				]
			},
			{
				"name": "curve2_4",
				"parent": "front2",
				"pivot": [
					-3.41781,
					5.18,
					-2.33538
				],
				"rotation": [
					0,
					-83.2,
					0
				],
				"cubes": [
					{
						"origin": [
							-3.44263,
							5.18,
							-4.36491
						],
						"size": [
							1,
							4,
							2
						],
						"uv": [
							42,
							81
						]
					}
				]
			},
			{
				"name": "curve2_3",
				"parent": "front2",
				"pivot": [
					3.60857,
					5.18,
					-2.36352
				],
				"rotation": [
					0,
					83.2,
					0
				],
				"cubes": [
					{
						"origin": [
							2.58287,
							5.18,
							-4.57914
						],
						"size": [
							1,
							4,
							2
						],
						"uv": [
							36,
							81
						]
					}
				]
			},
			{
				"name": "side_curve3",
				"parent": "fin2",
				"pivot": [
					-3,
					5,
					-2
				],
				"rotation": [
					0,
					-13.9,
					0
				],
				"cubes": [
					{
						"origin": [
							-3.92477,
							5.1153,
							-1.69701
						],
						"size": [
							1,
							4,
							2
						],
						"uv": [
							30,
							81
						],
						"inflate": -0.007
					}
				]
			},
			{
				"name": "side_curve5",
				"parent": "fin2",
				"pivot": [
					4,
					5,
					2
				],
				"rotation": [
					0,
					-12.5,
					1
				],
				"cubes": [
					{
						"origin": [
							2.91958,
							5.165,
							-0.0458
						],
						"size": [
							1,
							4,
							2
						],
						"uv": [
							24,
							81
						],
						"inflate": -0.015
					}
				]
			},
			{
				"name": "front",
				"parent": "fin2",
				"pivot": [
					-3,
					5,
					2
				]
			},
			{
				"name": "curve2_1",
				"parent": "front",
				"pivot": [
					3.60857,
					5.18,
					2.63648
				],
				"rotation": [
					0,
					-83.2,
					0
				],
				"cubes": [
					{
						"origin": [
							2.29643,
							5.205,
							2.877
						],
						"size": [
							1,
							4,
							2
						],
						"uv": [
							18,
							81
						],
						"inflate": 0.05
					}
				]
			},
			{
				"name": "curveaa",
				"parent": "curve2_1",
				"pivot": [
					-3,
					5,
					2
				]
			},
			{
				"name": "curve2_2",
				"parent": "front",
				"pivot": [
					-3,
					5,
					2
				],
				"rotation": [
					0,
					83.2,
					0
				],
				"cubes": [
					{
						"origin": [
							-3.40731,
							5.18,
							1.65437
						],
						"size": [
							1,
							4,
							2
						],
						"uv": [
							12,
							81
						],
						"inflate": 0.05
					}
				]
			},
			{
				"name": "side_curve2",
				"parent": "fin2",
				"pivot": [
					-4,
					5,
					-5
				],
				"rotation": [
					0,
					12.5,
					-1
				],
				"cubes": [
					{
						"origin": [
							-5.52881,
							5.115,
							-0.22072
						],
						"size": [
							1,
							4,
							2
						],
						"uv": [
							6,
							81
						],
						"inflate": -0.015
					}
				]
			},
			{
				"name": "side_curve4",
				"parent": "fin2",
				"pivot": [
					4,
					5,
					-2
				],
				"rotation": [
					0,
					12.5,
					0
				],
				"cubes": [
					{
						"origin": [
							2.91958,
							5.165,
							-1.95421
						],
						"size": [
							1,
							4,
							2
						],
						"uv": [
							0,
							81
						],
						"inflate": -0.015
					}
				]
			},
			{
				"name": "fin2_2",
				"parent": "fin2",
				"pivot": [
					0,
					0,
					1
				],
				"cubes": [
					{
						"origin": [
							-1.39688,
							5.155,
							1.64739
						],
						"size": [
							2.7,
							3,
							1
						],
						"uv": [
							60,
							87
						]
					},
					{
						"origin": [
							-1.5,
							5.18,
							-2.6003
						],
						"size": [
							3,
							3,
							1
						],
						"uv": [
							74,
							77
						]
					}
				]
			},
			{
				"name": "cover2_1",
				"parent": "fin2",
				"pivot": [
					-4,
					9,
					2
				],
				"rotation": [
					0,
					50,
					0
				],
				"cubes": [
					{
						"origin": [
							-4.08651,
							5,
							1.8154
						],
						"size": [
							1,
							4.5,
							1
						],
						"uv": [
							32,
							92
						],
						"inflate": -0.13
					},
					{
						"origin": [
							3.24877,
							5.025,
							4.70234
						],
						"size": [
							1,
							4.5,
							1
						],
						"uv": [
							28,
							92
						],
						"inflate": -0.145
					}
				]
			},
			{
				"name": "cover2_2",
				"parent": "fin2",
				"pivot": [
					-9,
					9,
					2
				],
				"rotation": [
					0,
					-50,
					0
				],
				"cubes": [
					{
						"origin": [
							-8.89253,
							5.025,
							-5.25623
						],
						"size": [
							1,
							4.5,
							1
						],
						"uv": [
							24,
							92
						],
						"inflate": -0.155
					},
					{
						"origin": [
							-1.60147,
							5.025,
							-8.10372
						],
						"size": [
							1,
							4.5,
							1
						],
						"uv": [
							20,
							92
						],
						"inflate": -0.13
					}
				]
			},
			{
				"name": "fin3",
				"parent": "fin2",
				"pivot": [
					0,
					5.1,
					0
				],
				"cubes": [
					{
						"origin": [
							-4,
							2.8,
							-2
						],
						"size": [
							8,
							4,
							4
						],
						"uv": [
							48,
							22
						],
						"inflate": -0.3
					},
					{
						"origin": [
							-0.5,
							3.3,
							-1.7
						],
						"size": [
							1,
							2,
							4
						],
						"uv": [
							0,
							49
						],
						"inflate": 0.18
					},
					{
						"origin": [
							-0.5,
							3.3,
							-2.3
						],
						"size": [
							1,
							2,
							4
						],
						"uv": [
							62,
							40
						],
						"inflate": 0.18
					}
				]
			},
			{
				"name": "side_curve",
				"parent": "fin3",
				"pivot": [
					4,
					3.1,
					0
				],
				"rotation": [
					0,
					0,
					5
				]
			},
			{
				"name": "sidel",
				"parent": "side_curve",
				"pivot": [
					4,
					3.1,
					0
				],
				"rotation": [
					0,
					-12.5,
					0
				],
				"cubes": [
					{
						"origin": [
							3.20506,
							2.97,
							-0.14537
						],
						"size": [
							1,
							3,
							2
						],
						"uv": [
							48,
							87
						],
						"inflate": -0.13
					}
				]
			},
			{
				"name": "side3",
				"parent": "side_curve",
				"pivot": [
					4,
					3.1,
					0
				],
				"rotation": [
					0,
					12,
					0
				],
				"cubes": [
					{
						"origin": [
							3.19001,
							2.97,
							-1.85522
						],
						"size": [
							1,
							3,
							2
						],
						"uv": [
							42,
							87
						],
						"inflate": -0.13
					}
				]
			},
			{
				"name": "side_curve6",
				"parent": "fin3",
				"pivot": [
					-6,
					3.1,
					-2
				],
				"rotation": [
					0,
					0,
					-5
				]
			},
			{
				"name": "side4",
				"parent": "side_curve6",
				"pivot": [
					-6,
					3.1,
					-2
				],
				"rotation": [
					0,
					-12.5,
					0
				],
				"cubes": [
					{
						"origin": [
							-3.82813,
							2.76954,
							-2.33303
						],
						"size": [
							1,
							3,
							2
						],
						"uv": [
							36,
							87
						],
						"inflate": -0.13
					}
				]
			},
			{
				"name": "side5",
				"parent": "side_curve6",
				"pivot": [
					-6,
					3.1,
					-2
				],
				"rotation": [
					0,
					12,
					0
				],
				"cubes": [
					{
						"origin": [
							-4.65809,
							2.76954,
							0.22552
						],
						"size": [
							1,
							3,
							2
						],
						"uv": [
							30,
							87
						],
						"inflate": -0.13
					}
				]
			},
			{
				"name": "front5",
				"parent": "fin3",
				"pivot": [
					-3,
					3.1,
					3
				]
			},
			{
				"name": "curve3_4",
				"parent": "front5",
				"pivot": [
					4,
					3.1,
					9
				],
				"rotation": [
					0,
					5,
					0
				],
				"cubes": [
					{
						"origin": [
							-2.22204,
							3.1,
							-2.8033
						],
						"size": [
							3,
							3,
							1
						],
						"uv": [
							66,
							77
						]
					}
				]
			},
			{
				"name": "curve3_2",
				"parent": "front5",
				"pivot": [
					1,
					3.1,
					9
				],
				"rotation": [
					0,
					5,
					0
				],
				"cubes": [
					{
						"origin": [
							0.80987,
							3.1,
							1.43601
						],
						"size": [
							3,
							3,
							1
						],
						"uv": [
							58,
							77
						]
					}
				]
			},
			{
				"name": "curve3_3",
				"parent": "front5",
				"pivot": [
					-3.43578,
					3.1,
					7.98097
				],
				"rotation": [
					0,
					-5,
					0
				],
				"cubes": [
					{
						"origin": [
							-3.73033,
							3.1,
							1.21984
						],
						"size": [
							3,
							3,
							1
						],
						"uv": [
							50,
							77
						]
					}
				]
			},
			{
				"name": "curve3_1",
				"parent": "front5",
				"pivot": [
					-3,
					3.1,
					3
				],
				"rotation": [
					0,
					-5,
					0
				],
				"cubes": [
					{
						"origin": [
							-0.25122,
							3.1,
							-2.73897
						],
						"size": [
							3,
							3,
							1
						],
						"uv": [
							42,
							77
						]
					}
				]
			},
			{
				"name": "front3",
				"parent": "fin3",
				"pivot": [
					0,
					5.1,
					0
				]
			},
			{
				"name": "cover3_2",
				"parent": "front3",
				"pivot": [
					4,
					2.1,
					2
				],
				"rotation": [
					0,
					42.5,
					-2.5
				],
				"cubes": [
					{
						"origin": [
							-1.58713,
							3.26429,
							-3.53912
						],
						"size": [
							1,
							3,
							1
						],
						"uv": [
							24,
							106
						],
						"inflate": -0.15
					}
				]
			},
			{
				"name": "cover3_1",
				"parent": "front3",
				"pivot": [
					4,
					2.1,
					2
				],
				"rotation": [
					0,
					-40,
					2.5
				],
				"cubes": [
					{
						"origin": [
							2.66397,
							2.91533,
							1.83992
						],
						"size": [
							1,
							3,
							1
						],
						"uv": [
							20,
							106
						],
						"inflate": -0.15
					}
				]
			},
			{
				"name": "front4",
				"parent": "fin3",
				"pivot": [
					0,
					5.1,
					-4
				]
			},
			{
				"name": "cover3_3",
				"parent": "front4",
				"pivot": [
					4,
					2.1,
					-2
				],
				"rotation": [
					0,
					42.5,
					2.5
				],
				"cubes": [
					{
						"origin": [
							2.72614,
							2.95,
							-2.83149
						],
						"size": [
							1,
							3,
							1
						],
						"uv": [
							16,
							106
						],
						"inflate": -0.15
					}
				]
			},
			{
				"name": "cover3_4",
				"parent": "front4",
				"pivot": [
					4,
					2.1,
					-2
				],
				"rotation": [
					0,
					-42.5,
					0
				],
				"cubes": [
					{
						"origin": [
							-1.62436,
							2.95,
							2.57323
						],
						"size": [
							1,
							3,
							1
						],
						"uv": [
							12,
							106
						],
						"inflate": -0.15
					}
				]
			},
			{
				"name": "fin4",
				"parent": "fin3",
				"pivot": [
					0,
					3.1,
					0
				],
				"cubes": [
					{
						"origin": [
							-4,
							0.1,
							-2
						],
						"size": [
							8,
							4,
							4
						],
						"uv": [
							24,
							22
						],
						"inflate": -0.5
					},
					{
						"origin": [
							-3,
							0.4,
							-2
						],
						"size": [
							6,
							4,
							4
						],
						"uv": [
							20,
							31
						],
						"inflate": -0.19
					}
				]
			},
			{
				"name": "front8",
				"parent": "fin4",
				"pivot": [
					8,
					3.1,
					-4
				]
			},
			{
				"name": "cover3_7",
				"parent": "front8",
				"pivot": [
					12,
					0.1,
					-2
				],
				"rotation": [
					0,
					42.5,
					2.5
				],
				"cubes": [
					{
						"origin": [
							4.53556,
							0.05813,
							-8.23284
						],
						"size": [
							1,
							3.6,
							1
						],
						"uv": [
							8,
							106
						],
						"inflate": -0.15
					}
				]
			},
			{
				"name": "cover3_8",
				"parent": "front8",
				"pivot": [
					12,
					0.1,
					-2
				],
				"rotation": [
					0,
					-42.5,
					0
				],
				"cubes": [
					{
						"origin": [
							0.76,
							0.45,
							7.99029
						],
						"size": [
							1,
							3.6,
							1
						],
						"uv": [
							4,
							106
						],
						"inflate": -0.15
					}
				]
			},
			{
				"name": "front6",
				"parent": "fin4",
				"pivot": [
					0,
					3.1,
					0
				]
			},
			{
				"name": "cover3_5",
				"parent": "front6",
				"pivot": [
					4,
					0.1,
					2
				],
				"rotation": [
					0,
					45,
					-2.5
				],
				"cubes": [
					{
						"origin": [
							-1.11013,
							0.75604,
							-3.78737
						],
						"size": [
							1,
							3.6,
							1
						],
						"uv": [
							0,
							106
						],
						"inflate": -0.15
					}
				]
			},
			{
				"name": "cover3_6",
				"parent": "front6",
				"pivot": [
					4,
					0.1,
					2
				],
				"rotation": [
					0,
					-45,
					2.5
				],
				"cubes": [
					{
						"origin": [
							2.46477,
							0.40709,
							1.90141
						],
						"size": [
							1,
							3.6,
							1
						],
						"uv": [
							52,
							102
						],
						"inflate": -0.15
					}
				]
			},
			{
				"name": "front7",
				"parent": "fin4",
				"pivot": [
					-3,
					-0.9,
					3
				]
			},
			{
				"name": "curve3_5",
				"parent": "front7",
				"pivot": [
					4,
					-0.9,
					9
				],
				"rotation": [
					0,
					5,
					0
				],
				"cubes": [
					{
						"origin": [
							-2.01323,
							0.627,
							-2.55963
						],
						"size": [
							3,
							3,
							1
						],
						"uv": [
							34,
							77
						],
						"inflate": 0.027
					}
				]
			},
			{
				"name": "curve3_6",
				"parent": "front7",
				"pivot": [
					1,
					-0.9,
					9
				],
				"rotation": [
					0,
					5,
					0
				],
				"cubes": [
					{
						"origin": [
							0.60106,
							0.627,
							1.19234
						],
						"size": [
							3,
							3.4,
							1
						],
						"uv": [
							26,
							77
						],
						"inflate": 0.027
					}
				]
			},
			{
				"name": "curve3_7",
				"parent": "front7",
				"pivot": [
					-3.43578,
					-0.9,
					7.98097
				],
				"rotation": [
					0,
					-5,
					0
				],
				"cubes": [
					{
						"origin": [
							-3.52152,
							0.627,
							0.97617
						],
						"size": [
							3,
							3.4,
							1
						],
						"uv": [
							18,
							77
						],
						"inflate": 0.027
					}
				]
			},
			{
				"name": "curve3_8",
				"parent": "front7",
				"pivot": [
					-3,
					-0.9,
					3
				],
				"rotation": [
					0,
					-5,
					0
				],
				"cubes": [
					{
						"origin": [
							-0.46003,
							0.627,
							-2.4953
						],
						"size": [
							3,
							3,
							1
						],
						"uv": [
							10,
							77
						],
						"inflate": 0.027
					}
				]
			},
			{
				"name": "side_set",
				"parent": "fin4",
				"pivot": [
					4,
					0.1,
					0
				]
			},
			{
				"name": "side_curve7",
				"parent": "side_set",
				"pivot": [
					4,
					0.1,
					0
				],
				"rotation": [
					0,
					0,
					3
				]
			},
			{
				"name": "side6",
				"parent": "side_curve7",
				"pivot": [
					4,
					0.1,
					0
				],
				"rotation": [
					0,
					-12,
					0
				],
				"cubes": [
					{
						"origin": [
							3.02926,
							0.33252,
							-0.15297
						],
						"size": [
							1,
							3.7,
							2
						],
						"uv": [
							18,
							87
						],
						"inflate": -0.22
					}
				]
			},
			{
				"name": "side7",
				"parent": "side_curve7",
				"pivot": [
					4,
					0.1,
					0
				],
				"rotation": [
					0,
					12,
					0
				],
				"cubes": [
					{
						"origin": [
							3.01848,
							0.33252,
							-1.79634
						],
						"size": [
							1,
							3,
							2
						],
						"uv": [
							12,
							87
						],
						"inflate": -0.22
					}
				]
			},
			{
				"name": "side_curve8",
				"parent": "side_set",
				"pivot": [
					-7,
					0.1,
					0
				],
				"rotation": [
					0,
					180,
					-3
				]
			},
			{
				"name": "side8",
				"parent": "side_curve8",
				"pivot": [
					-7,
					0.1,
					0
				],
				"rotation": [
					0,
					-12,
					0
				],
				"cubes": [
					{
						"origin": [
							-10.91255,
							0.19614,
							0.41936
						],
						"size": [
							1,
							3,
							2
						],
						"uv": [
							6,
							87
						],
						"inflate": -0.22
					}
				]
			},
			{
				"name": "side9",
				"parent": "side_curve8",
				"pivot": [
					-7,
					0.1,
					0
				],
				"rotation": [
					0,
					12,
					0
				],
				"cubes": [
					{
						"origin": [
							-10.91255,
							0.19614,
							-2.41936
						],
						"size": [
							1,
							3,
							2
						],
						"uv": [
							0,
							87
						],
						"inflate": -0.22
					}
				]
			},
			{
				"name": "fin5",
				"parent": "fin4",
				"pivot": [
					0,
					0.5,
					0
				],
				"cubes": [
					{
						"origin": [
							-4,
							-2.9,
							-2
						],
						"size": [
							8,
							5,
							4
						],
						"uv": [
							0,
							22
						],
						"inflate": -0.75
					},
					{
						"origin": [
							-3,
							-2.5,
							-2
						],
						"size": [
							6,
							4,
							4
						],
						"uv": [
							0,
							31
						],
						"inflate": -0.35
					}
				]
			},
			{
				"name": "front_",
				"parent": "fin5",
				"pivot": [
					0,
					0.5,
					0
				]
			},
			{
				"name": "front10",
				"parent": "front_",
				"pivot": [
					0,
					0.1,
					0
				]
			},
			{
				"name": "cover3_9",
				"parent": "front10",
				"pivot": [
					4,
					-2.9,
					2
				],
				"rotation": [
					0,
					45,
					-1
				],
				"cubes": [
					{
						"origin": [
							-0.77988,
							-2.16336,
							-3.86411
						],
						"size": [
							1,
							3.6,
							1
						],
						"uv": [
							48,
							102
						],
						"inflate": -0.15
					}
				]
			},
			{
				"name": "cover3_10",
				"parent": "front10",
				"pivot": [
					4,
					-2.9,
					2
				],
				"rotation": [
					0,
					-45,
					1
				],
				"cubes": [
					{
						"origin": [
							2.06671,
							-2.33343,
							1.87263
						],
						"size": [
							1,
							3.6,
							1
						],
						"uv": [
							44,
							102
						],
						"inflate": -0.15
					}
				]
			},
			{
				"name": "front11",
				"parent": "front_",
				"pivot": [
					0,
					0.1,
					-5
				]
			},
			{
				"name": "cover3_11",
				"parent": "front11",
				"pivot": [
					4,
					-2.9,
					-3
				],
				"rotation": [
					0,
					45,
					-1
				],
				"cubes": [
					{
						"origin": [
							1.39157,
							-2.28702,
							-3.13356
						],
						"size": [
							1,
							3.6,
							1
						],
						"uv": [
							40,
							102
						],
						"inflate": -0.15
					}
				]
			},
			{
				"name": "cover3_12",
				"parent": "front11",
				"pivot": [
					4,
					-2.9,
					-3
				],
				"rotation": [
					0,
					-45,
					-1
				],
				"cubes": [
					{
						"origin": [
							-0.09079,
							-2.17632,
							2.55296
						],
						"size": [
							1,
							3.6,
							1
						],
						"uv": [
							36,
							102
						],
						"inflate": -0.15
					}
				]
			},
			{
				"name": "fin6",
				"parent": "fin5",
				"pivot": [
					0,
					-2.3,
					0.3
				],
				"cubes": [
					{
						"origin": [
							-4,
							-6,
							-2
						],
						"size": [
							8,
							5,
							4
						],
						"uv": [
							54,
							10
						],
						"inflate": -1.2
					}
				]
			},
			{
				"name": "side_set3",
				"parent": "fin6",
				"pivot": [
					4,
					-3.9,
					-4
				]
			},
			{
				"name": "side_curve12",
				"parent": "side_set3",
				"pivot": [
					-7,
					-3.9,
					-4
				],
				"rotation": [
					0,
					180,
					-2
				]
			},
			{
				"name": "side16",
				"parent": "side_curve12",
				"pivot": [
					-7,
					-3.9,
					-4
				],
				"rotation": [
					0,
					-12,
					0
				],
				"cubes": [
					{
						"origin": [
							-12.27183,
							-5.46858,
							-7.53783
						],
						"size": [
							1,
							4,
							1.72
						],
						"uv": [
							16,
							92
						],
						"inflate": -0.45
					}
				]
			},
			{
				"name": "side17",
				"parent": "side_curve12",
				"pivot": [
					-7,
					-3.9,
					-4
				],
				"rotation": [
					0,
					12,
					0
				],
				"cubes": [
					{
						"origin": [
							-10.60854,
							-5.46858,
							-10.00735
						],
						"size": [
							1,
							4,
							1.72
						],
						"uv": [
							12,
							92
						],
						"inflate": -0.45
					}
				]
			},
			{
				"name": "side_curve11",
				"parent": "side_set3",
				"pivot": [
					12,
					-3.9,
					-4
				],
				"rotation": [
					0,
					0,
					3
				]
			},
			{
				"name": "side14",
				"parent": "side_curve11",
				"pivot": [
					12,
					-3.9,
					-4
				],
				"rotation": [
					0,
					-12,
					0
				],
				"cubes": [
					{
						"origin": [
							3.53165,
							-5.78787,
							1.36242
						],
						"size": [
							1,
							4,
							1.72
						],
						"uv": [
							8,
							92
						],
						"inflate": -0.45
					}
				]
			},
			{
				"name": "side15",
				"parent": "side_curve11",
				"pivot": [
					12,
					-3.9,
					-4
				],
				"rotation": [
					0,
					12,
					0
				],
				"cubes": [
					{
						"origin": [
							1.8521,
							-5.78787,
							-3.18077
						],
						"size": [
							1,
							4,
							1.72
						],
						"uv": [
							4,
							92
						],
						"inflate": -0.45
					}
				]
			},
			{
				"name": "front14",
				"parent": "fin6",
				"pivot": [
					-3,
					-6.9,
					3
				]
			},
			{
				"name": "curve3_13",
				"parent": "front14",
				"pivot": [
					4,
					-6.9,
					8
				],
				"rotation": [
					0,
					5,
					0
				],
				"cubes": [
					{
						"origin": [
							-1.8475,
							-5.16545,
							-2.02587
						],
						"size": [
							3,
							4,
							1
						],
						"uv": [
							24,
							66
						],
						"inflate": -0.3
					}
				]
			},
			{
				"name": "curve3_14",
				"parent": "front14",
				"pivot": [
					1,
					-6.9,
					12
				],
				"rotation": [
					0,
					5,
					0
				],
				"cubes": [
					{
						"origin": [
							0.60974,
							-5.0926,
							0.68518
						],
						"size": [
							3,
							4,
							1
						],
						"uv": [
							16,
							66
						],
						"inflate": -0.3
					}
				]
			},
			{
				"name": "curve3_15",
				"parent": "front14",
				"pivot": [
					-3.43578,
					-6.9,
					7.98097
				],
				"rotation": [
					0,
					-5,
					0
				],
				"cubes": [
					{
						"origin": [
							-3.26872,
							-5.0926,
							0.45759
						],
						"size": [
							3,
							4,
							1
						],
						"uv": [
							8,
							66
						],
						"inflate": -0.3
					}
				]
			},
			{
				"name": "curve3_16",
				"parent": "front14",
				"pivot": [
					-3,
					-6.9,
					3
				],
				"rotation": [
					0,
					-5,
					0
				],
				"cubes": [
					{
						"origin": [
							-0.67942,
							-5.16545,
							-1.96067
						],
						"size": [
							3,
							4,
							1
						],
						"uv": [
							0,
							66
						],
						"inflate": -0.3
					}
				]
			},
			{
				"name": "fin7",
				"parent": "fin6",
				"pivot": [
					0,
					-5,
					0
				],
				"cubes": [
					{
						"origin": [
							-4,
							-9,
							-2
						],
						"size": [
							8,
							6,
							4
						],
						"uv": [
							54,
							0
						],
						"inflate": -1.4
					},
					{
						"origin": [
							-1.47878,
							-7.4,
							-1.00726
						],
						"size": [
							3,
							2.5,
							2
						],
						"uv": [
							32,
							55
						],
						"inflate": 0.2
					}
				]
			},
			{
				"name": "side__",
				"parent": "fin7",
				"pivot": [
					-2.6,
					-7,
					0
				]
			},
			{
				"name": "side_",
				"parent": "side__",
				"pivot": [
					-2.6,
					-7,
					0
				],
				"rotation": [
					0,
					-45,
					0
				],
				"cubes": [
					{
						"origin": [
							-3.58427,
							-8.16,
							-0.98426
						],
						"size": [
							2,
							5,
							2
						],
						"uv": [
							32,
							108
						],
						"inflate": -0.56
					}
				]
			},
			{
				"name": "side__2",
				"parent": "fin7",
				"pivot": [
					2.6,
					-7,
					0
				],
				"rotation": [
					0,
					180,
					0
				]
			},
			{
				"name": "side_2",
				"parent": "side__2",
				"pivot": [
					2.4,
					-7,
					0
				],
				"rotation": [
					0,
					-45,
					0
				],
				"cubes": [
					{
						"origin": [
							1.55715,
							-8.16,
							-1.12569
						],
						"size": [
							2,
							5,
							2
						],
						"uv": [
							32,
							108
						],
						"inflate": -0.56
					}
				]
			},
			{
				"name": "front_7",
				"parent": "fin7",
				"pivot": [
					0,
					-7,
					1.2
				]
			},
			{
				"name": "front__7",
				"parent": "front_7",
				"pivot": [
					-0.5,
					-6.5,
					1.5
				],
				"rotation": [
					0,
					45,
					0
				],
				"cubes": [
					{
						"origin": [
							-1.08,
							-7.6,
							0.35338
						],
						"size": [
							2.45,
							3.3,
							2.45
						],
						"uv": [
							68,
							61
						]
					}
				]
			},
			{
				"name": "front_3",
				"parent": "fin7",
				"pivot": [
					0,
					-7,
					-1.2
				]
			},
			{
				"name": "front__2",
				"parent": "front_3",
				"pivot": [
					0,
					-6.5,
					-1.2
				],
				"rotation": [
					0,
					45,
					0
				],
				"cubes": [
					{
						"origin": [
							-1.22778,
							-7.6,
							-2.43804
						],
						"size": [
							2.45,
							3.3,
							2.45
						],
						"uv": [
							60,
							61
						]
					}
				]
			},
			{
				"name": "front_4",
				"parent": "fin7",
				"pivot": [
					0,
					-10,
					-1.2
				]
			},
			{
				"name": "cover",
				"parent": "fin7",
				"pivot": [
					-3,
					-7,
					0
				],
				"rotation": [
					0,
					34,
					0
				],
				"cubes": [
					{
						"origin": [
							-2.30287,
							-7.57,
							-0.24375
						],
						"size": [
							1,
							3,
							1
						],
						"uv": [
							32,
							102
						],
						"inflate": 0.03
					}
				]
			},
			{
				"name": "cover2",
				"parent": "fin7",
				"pivot": [
					3,
					-7,
					0
				],
				"rotation": [
					0,
					34,
					0
				],
				"cubes": [
					{
						"origin": [
							1.30287,
							-7.57,
							-0.75625
						],
						"size": [
							1,
							3,
							1
						],
						"uv": [
							28,
							102
						],
						"inflate": 0.03
					}
				]
			},
			{
				"name": "cover3",
				"parent": "fin7",
				"pivot": [
					-3,
					-7,
					-2
				],
				"rotation": [
					0,
					-34,
					0
				],
				"cubes": [
					{
						"origin": [
							-1.18448,
							-7.57,
							-1.09818
						],
						"size": [
							1,
							3,
							1
						],
						"uv": [
							24,
							102
						],
						"inflate": 0.03
					},
					{
						"origin": [
							1.39548,
							-7.57,
							-3.94083
						],
						"size": [
							1,
							3,
							1
						],
						"uv": [
							20,
							102
						],
						"inflate": 0.03
					}
				]
			},
			{
				"name": "fin8",
				"parent": "fin7",
				"pivot": [
					0,
					-7,
					0
				],
				"cubes": [
					{
						"origin": [
							-2.5,
							-10,
							-1
						],
						"size": [
							5,
							4,
							2
						],
						"uv": [
							28,
							40
						],
						"inflate": -0.2
					},
					{
						"origin": [
							-1.47571,
							-10,
							-1.51305
						],
						"size": [
							3,
							4,
							3
						],
						"uv": [
							41,
							32
						],
						"inflate": -0.2
					}
				]
			},
			{
				"name": "cover8_4",
				"parent": "fin8",
				"pivot": [
					2.41,
					-9.82,
					0.78
				],
				"rotation": [
					0,
					-76.3,
					0
				]
			},
			{
				"name": "side_3",
				"parent": "fin8",
				"pivot": [
					2.3,
					-8,
					0
				]
			},
			{
				"name": "side__3",
				"parent": "side_3",
				"pivot": [
					4,
					-9,
					0
				],
				"rotation": [
					0,
					135,
					0
				],
				"cubes": [
					{
						"origin": [
							4.1364,
							-10.3,
							-2.26777
						],
						"size": [
							2.135,
							4.5,
							2.135
						],
						"uv": [
							24,
							55
						],
						"inflate": -0.5
					}
				]
			},
			{
				"name": "side_4",
				"parent": "fin8",
				"pivot": [
					-2.3,
					-8,
					0
				]
			},
			{
				"name": "side__4",
				"parent": "side_4",
				"pivot": [
					-2.3,
					-9,
					0
				],
				"rotation": [
					0,
					135,
					0
				],
				"cubes": [
					{
						"origin": [
							-3.36569,
							-10.3,
							-1.06569
						],
						"size": [
							2.135,
							4.5,
							2.135
						],
						"uv": [
							16,
							55
						],
						"inflate": -0.5
					}
				]
			},
			{
				"name": "finrot",
				"parent": "fin8",
				"pivot": [
					0,
					-7,
					0
				],
				"rotation": [
					0,
					0,
					-7.5
				]
			},
			{
				"name": "finrot2",
				"parent": "fin8",
				"pivot": [
					0,
					-7,
					0
				],
				"rotation": [
					0,
					0,
					7.5
				]
			},
			{
				"name": "fin9",
				"parent": "fin8",
				"pivot": [
					0,
					-9.5,
					0
				],
				"cubes": [
					{
						"origin": [
							-2,
							-12,
							-0.5
						],
						"size": [
							4,
							2.5,
							1
						],
						"uv": [
							50,
							61
						],
						"inflate": 0.15
					},
					{
						"origin": [
							-1.64944,
							-12.33452,
							-1.2194
						],
						"size": [
							3.29,
							4,
							2.45
						],
						"uv": [
							52,
							40
						],
						"inflate": -0.2
					}
				]
			},
			{
				"name": "cover9_1",
				"parent": "fin9",
				"pivot": [
					2.11,
					-12.1,
					0.65
				],
				"rotation": [
					-1.15,
					27.5,
					1.25
				],
				"cubes": [
					{
						"origin": [
							1.22709,
							-12.24937,
							-0.26019
						],
						"size": [
							1,
							3.3,
							1
						],
						"uv": [
							16,
							102
						],
						"inflate": -0.1
					}
				]
			},
			{
				"name": "cover9_3",
				"parent": "fin9",
				"pivot": [
					2.11,
					-12.1,
					-0.35
				],
				"rotation": [
					1.15,
					27.5,
					-1.25
				],
				"cubes": [
					{
						"origin": [
							-1.61086,
							-12.11289,
							-2.65174
						],
						"size": [
							1,
							3.3,
							1
						],
						"uv": [
							12,
							102
						],
						"inflate": -0.1
					}
				]
			},
			{
				"name": "cover9_2",
				"parent": "fin9",
				"pivot": [
					-1.89,
					-12.1,
					0.65
				],
				"rotation": [
					-1.15,
					-27.5,
					-1.25
				],
				"cubes": [
					{
						"origin": [
							-2.20219,
							-12.24253,
							-0.15874
						],
						"size": [
							1,
							3.3,
							1
						],
						"uv": [
							8,
							102
						],
						"inflate": -0.1
					}
				]
			},
			{
				"name": "cover9_4",
				"parent": "fin9",
				"pivot": [
					2.11,
					-11.1,
					-0.35
				],
				"rotation": [
					1.15,
					-27.5,
					1.25
				],
				"cubes": [
					{
						"origin": [
							1.10791,
							-12.24338,
							-0.736
						],
						"size": [
							1,
							3.3,
							1
						],
						"uv": [
							4,
							102
						],
						"inflate": -0.1
					}
				]
			},
			{
				"name": "front3_3",
				"parent": "fin9",
				"pivot": [
					0,
					-13.5,
					1.3
				]
			},
			{
				"name": "front__5",
				"parent": "front3_3",
				"pivot": [
					0,
					-13.5,
					1
				],
				"rotation": [
					-1.25,
					45,
					-1.25
				],
				"cubes": [
					{
						"origin": [
							-1.20884,
							-12.4438,
							-0.23257
						],
						"size": [
							2.45,
							3.7,
							2.45
						],
						"uv": [
							42,
							61
						],
						"inflate": -0.2
					}
				]
			},
			{
				"name": "front3_4",
				"parent": "fin9",
				"pivot": [
					0,
					-10.5,
					-1
				]
			},
			{
				"name": "front__6",
				"parent": "front3_4",
				"pivot": [
					0,
					-10.10473,
					-0.99162
				],
				"rotation": [
					-1.25,
					45,
					-1.25
				],
				"cubes": [
					{
						"origin": [
							-1.22786,
							-12.34401,
							-2.23585
						],
						"size": [
							2.45,
							3.5,
							2.45
						],
						"uv": [
							42,
							61
						],
						"inflate": -0.2
					}
				]
			},
			{
				"name": "side_5",
				"parent": "fin9",
				"pivot": [
					-2.15,
					-12,
					0
				]
			},
			{
				"name": "side__5",
				"parent": "side_5",
				"pivot": [
					-2,
					-11,
					0
				],
				"rotation": [
					0,
					135,
					0
				],
				"cubes": [
					{
						"origin": [
							-2.96931,
							-12.75,
							-1.18145
						],
						"size": [
							2.135,
							4.2,
							2.135
						],
						"uv": [
							8,
							55
						],
						"inflate": -0.6
					}
				]
			},
			{
				"name": "side_6",
				"parent": "fin9",
				"pivot": [
					1.85,
					-12,
					0
				]
			},
			{
				"name": "side__6",
				"parent": "side_6",
				"pivot": [
					2,
					-11,
					0
				],
				"rotation": [
					0,
					135,
					0
				],
				"cubes": [
					{
						"origin": [
							0.81855,
							-12.75,
							-0.96931
						],
						"size": [
							2.135,
							4.2,
							2.135
						],
						"uv": [
							0,
							55
						],
						"inflate": -0.6
					}
				]
			},
			{
				"name": "fin10",
				"parent": "fin9",
				"pivot": [
					0,
					-12.5,
					0
				],
				"cubes": [
					{
						"origin": [
							-2,
							-15,
							-0.5
						],
						"size": [
							4,
							2.5,
							1
						],
						"uv": [
							24,
							61
						],
						"inflate": 0.15
					},
					{
						"origin": [
							-1.64944,
							-15.33452,
							-1.2194
						],
						"size": [
							3.29,
							4,
							2.45
						],
						"uv": [
							42,
							40
						],
						"inflate": -0.2
					}
				]
			},
			{
				"name": "fin11",
				"parent": "fin10",
				"pivot": [
					0,
					-15,
					0
				],
				"cubes": [
					{
						"origin": [
							-2,
							-17,
							-0.5
						],
						"size": [
							4,
							1.5,
							1
						],
						"uv": [
							0,
							77
						],
						"inflate": 0.15
					},
					{
						"origin": [
							-1.64944,
							-17.33452,
							-1.2194
						],
						"size": [
							3.29,
							2.5,
							2.45
						],
						"uv": [
							62,
							49
						],
						"inflate": -0.2
					}
				]
			},
			{
				"name": "cover9_9",
				"parent": "fin11",
				"pivot": [
					2.11,
					-17.1,
					0.65
				],
				"rotation": [
					-1.15,
					27.5,
					1.25
				],
				"cubes": [
					{
						"origin": [
							1.22709,
							-17.24937,
							-0.26019
						],
						"size": [
							1,
							2.3,
							1
						],
						"uv": [
							56,
							106
						],
						"inflate": -0.1
					}
				]
			},
			{
				"name": "cover9_10",
				"parent": "fin11",
				"pivot": [
					2.11,
					-17.1,
					-0.35
				],
				"rotation": [
					1.15,
					27.5,
					-1.25
				],
				"cubes": [
					{
						"origin": [
							-1.61086,
							-17.11289,
							-2.65174
						],
						"size": [
							1,
							2.3,
							1
						],
						"uv": [
							52,
							106
						],
						"inflate": -0.1
					}
				]
			},
			{
				"name": "cover9_11",
				"parent": "fin11",
				"pivot": [
					-1.89,
					-17.1,
					0.65
				],
				"rotation": [
					-1.15,
					-27.5,
					-1.25
				],
				"cubes": [
					{
						"origin": [
							-2.20219,
							-17.24253,
							-0.15874
						],
						"size": [
							1,
							2.3,
							1
						],
						"uv": [
							48,
							106
						],
						"inflate": -0.1
					}
				]
			},
			{
				"name": "cover9_12",
				"parent": "fin11",
				"pivot": [
					2.11,
					-16.1,
					-0.35
				],
				"rotation": [
					1.15,
					-27.5,
					1.25
				],
				"cubes": [
					{
						"origin": [
							1.10791,
							-17.24338,
							-0.736
						],
						"size": [
							1,
							2.3,
							1
						],
						"uv": [
							44,
							106
						],
						"inflate": -0.1
					}
				]
			},
			{
				"name": "front3_7",
				"parent": "fin11",
				"pivot": [
					0,
					-18.5,
					1.3
				]
			},
			{
				"name": "front__10",
				"parent": "front3_7",
				"pivot": [
					0,
					-18.5,
					1
				],
				"rotation": [
					-1.25,
					45,
					-1.25
				],
				"cubes": [
					{
						"origin": [
							-1.20884,
							-17.34375,
							-0.23257
						],
						"size": [
							2.45,
							2.5,
							2.45
						],
						"uv": [
							56,
							71
						],
						"inflate": -0.2
					}
				]
			},
			{
				"name": "front3_8",
				"parent": "fin11",
				"pivot": [
					0,
					-15.5,
					-1
				]
			},
			{
				"name": "front__11",
				"parent": "front3_8",
				"pivot": [
					0,
					-15.10473,
					-0.99162
				],
				"rotation": [
					-1.25,
					45,
					-1.25
				],
				"cubes": [
					{
						"origin": [
							-1.22786,
							-17.34401,
							-2.23585
						],
						"size": [
							2.45,
							2.5,
							2.45
						],
						"uv": [
							48,
							71
						],
						"inflate": -0.2
					}
				]
			},
			{
				"name": "side_9",
				"parent": "fin11",
				"pivot": [
					-2.15,
					-17,
					0
				]
			},
			{
				"name": "side__9",
				"parent": "side_9",
				"pivot": [
					-2,
					-16,
					0
				],
				"rotation": [
					0,
					135,
					0
				],
				"cubes": [
					{
						"origin": [
							-2.96931,
							-17.75,
							-1.18145
						],
						"size": [
							2.135,
							3.2,
							2.135
						],
						"uv": [
							16,
							61
						],
						"inflate": -0.6
					}
				]
			},
			{
				"name": "side_10",
				"parent": "fin11",
				"pivot": [
					1.85,
					-17,
					0
				]
			},
			{
				"name": "side__10",
				"parent": "side_10",
				"pivot": [
					2,
					-16,
					0
				],
				"rotation": [
					0,
					135,
					0
				],
				"cubes": [
					{
						"origin": [
							0.81855,
							-17.75,
							-0.96931
						],
						"size": [
							2.135,
							3.2,
							2.135
						],
						"uv": [
							8,
							61
						],
						"inflate": -0.6
					}
				]
			},
			{
				"name": "fin12",
				"parent": "fin11",
				"pivot": [
					0,
					-17,
					0
				],
				"cubes": [
					{
						"origin": [
							-2,
							-19,
							-0.5
						],
						"size": [
							4,
							1.5,
							1
						],
						"uv": [
							38,
							75
						],
						"inflate": 0.15
					},
					{
						"origin": [
							-1.64944,
							-19.33452,
							-1.2194
						],
						"size": [
							3.29,
							2.5,
							2.45
						],
						"uv": [
							52,
							49
						],
						"inflate": -0.2
					}
				]
			},
			{
				"name": "cover9_13",
				"parent": "fin12",
				"pivot": [
					2.11,
					-19.1,
					0.65
				],
				"rotation": [
					-1.15,
					27.5,
					1.25
				],
				"cubes": [
					{
						"origin": [
							1.22709,
							-19.24937,
							-0.26019
						],
						"size": [
							1,
							2.3,
							1
						],
						"uv": [
							40,
							106
						],
						"inflate": -0.1
					}
				]
			},
			{
				"name": "cover9_14",
				"parent": "fin12",
				"pivot": [
					2.11,
					-19.1,
					-0.35
				],
				"rotation": [
					1.15,
					27.5,
					-1.25
				],
				"cubes": [
					{
						"origin": [
							-1.61086,
							-19.11289,
							-2.65174
						],
						"size": [
							1,
							2.3,
							1
						],
						"uv": [
							36,
							106
						],
						"inflate": -0.1
					}
				]
			},
			{
				"name": "cover9_15",
				"parent": "fin12",
				"pivot": [
					-1.89,
					-19.1,
					0.65
				],
				"rotation": [
					-1.15,
					-27.5,
					-1.25
				],
				"cubes": [
					{
						"origin": [
							-2.20219,
							-19.24253,
							-0.15874
						],
						"size": [
							1,
							2.3,
							1
						],
						"uv": [
							32,
							106
						],
						"inflate": -0.1
					}
				]
			},
			{
				"name": "cover9_16",
				"parent": "fin12",
				"pivot": [
					2.11,
					-18.1,
					-0.35
				],
				"rotation": [
					1.15,
					-27.5,
					1.25
				],
				"cubes": [
					{
						"origin": [
							1.10791,
							-19.24338,
							-0.736
						],
						"size": [
							1,
							2.3,
							1
						],
						"uv": [
							28,
							106
						],
						"inflate": -0.1
					}
				]
			},
			{
				"name": "front3_9",
				"parent": "fin12",
				"pivot": [
					0,
					-20.5,
					1.3
				]
			},
			{
				"name": "front__12",
				"parent": "front3_9",
				"pivot": [
					0,
					-20.5,
					1
				],
				"rotation": [
					-1.25,
					45,
					-1.25
				],
				"cubes": [
					{
						"origin": [
							-1.20884,
							-19.34375,
							-0.23257
						],
						"size": [
							2.45,
							2.5,
							2.45
						],
						"uv": [
							38,
							71
						],
						"inflate": -0.2
					}
				]
			},
			{
				"name": "front3_10",
				"parent": "fin12",
				"pivot": [
					0,
					-17.5,
					-1
				]
			},
			{
				"name": "front__13",
				"parent": "front3_10",
				"pivot": [
					0,
					-17.10473,
					-0.99162
				],
				"rotation": [
					-1.25,
					45,
					-1.25
				],
				"cubes": [
					{
						"origin": [
							-1.22786,
							-19.34401,
							-2.23585
						],
						"size": [
							2.45,
							2.5,
							2.45
						],
						"uv": [
							30,
							71
						],
						"inflate": -0.2
					}
				]
			},
			{
				"name": "side_11",
				"parent": "fin12",
				"pivot": [
					-2.15,
					-19,
					0
				]
			},
			{
				"name": "side__11",
				"parent": "side_11",
				"pivot": [
					-2,
					-18,
					0
				],
				"rotation": [
					0,
					135,
					0
				],
				"cubes": [
					{
						"origin": [
							-2.96931,
							-19.75,
							-1.18145
						],
						"size": [
							2.135,
							3.2,
							2.135
						],
						"uv": [
							0,
							61
						],
						"inflate": -0.6
					}
				]
			},
			{
				"name": "side_12",
				"parent": "fin12",
				"pivot": [
					1.85,
					-19,
					0
				]
			},
			{
				"name": "side__12",
				"parent": "side_12",
				"pivot": [
					2,
					-18,
					0
				],
				"rotation": [
					0,
					135,
					0
				],
				"cubes": [
					{
						"origin": [
							0.81855,
							-19.75,
							-0.96931
						],
						"size": [
							2.135,
							3.2,
							2.135
						],
						"uv": [
							68,
							55
						],
						"inflate": -0.6
					}
				]
			},
			{
				"name": "tail_finRot1",
				"parent": "fin12",
				"pivot": [
					0,
					-19,
					0
				]
			},
			{
				"name": "tail_fin",
				"parent": "tail_finRot1",
				"pivot": [
					0,
					-20,
					0
				],
				"rotation": [
					0,
					-45,
					0
				],
				"cubes": [
					{
						"origin": [
							-0.5,
							-22,
							-0.5
						],
						"size": [
							1,
							4,
							1
						],
						"uv": [
							0,
							92
						],
						"inflate": 0.05
					}
				]
			},
			{
				"name": "tail_fin2_1",
				"parent": "tail_fin",
				"pivot": [
					0,
					-19,
					0
				],
				"rotation": [
					-12,
					0,
					-12
				],
				"cubes": [
					{
						"origin": [
							-1.51003,
							-21.79,
							0.48795
						],
						"size": [
							1,
							3,
							1
						],
						"uv": [
							0,
							102
						],
						"inflate": -0.07
					}
				]
			},
			{
				"name": "tail_fin2_2",
				"parent": "tail_fin",
				"pivot": [
					0,
					-19,
					0
				],
				"rotation": [
					12,
					0,
					12
				],
				"cubes": [
					{
						"origin": [
							0.51003,
							-21.79,
							-1.48795
						],
						"size": [
							1,
							3,
							1
						],
						"uv": [
							52,
							97
						],
						"inflate": -0.07
					}
				]
			},
			{
				"name": "tail_cover",
				"parent": "tail_fin",
				"pivot": [
					0,
					-20,
					0
				],
				"rotation": [
					0,
					45,
					0
				]
			},
			{
				"name": "tail_coverRot1",
				"parent": "tail_cover",
				"pivot": [
					0,
					-20,
					0
				],
				"cubes": [
					{
						"origin": [
							-2,
							-21,
							-0.6
						],
						"size": [
							4,
							2,
							1.2
						],
						"uv": [
							58,
							55
						],
						"inflate": -0.5
					}
				]
			},
			{
				"name": "flat",
				"parent": "tail_finRot1",
				"pivot": [
					0,
					-15,
					-1
				],
				"cubes": [
					{
						"origin": [
							-13,
							-34,
							-0.5
						],
						"size": [
							26,
							20,
							1
						],
						"uv": [
							0,
							0
						],
						"inflate": -0.49
					}
				]
			},
			{
				"name": "cover9_5",
				"parent": "fin10",
				"pivot": [
					2.11,
					-15.1,
					0.65
				],
				"rotation": [
					-1.15,
					27.5,
					1.25
				],
				"cubes": [
					{
						"origin": [
							1.22709,
							-15.24937,
							-0.26019
						],
						"size": [
							1,
							3.3,
							1
						],
						"uv": [
							48,
							97
						],
						"inflate": -0.1
					}
				]
			},
			{
				"name": "cover9_6",
				"parent": "fin10",
				"pivot": [
					2.11,
					-15.1,
					-0.35
				],
				"rotation": [
					1.15,
					27.5,
					-1.25
				],
				"cubes": [
					{
						"origin": [
							-1.61086,
							-15.11289,
							-2.65174
						],
						"size": [
							1,
							3.3,
							1
						],
						"uv": [
							44,
							97
						],
						"inflate": -0.1
					}
				]
			},
			{
				"name": "cover9_7",
				"parent": "fin10",
				"pivot": [
					-1.89,
					-15.1,
					0.65
				],
				"rotation": [
					-1.15,
					-27.5,
					-1.25
				],
				"cubes": [
					{
						"origin": [
							-2.20219,
							-15.24253,
							-0.15874
						],
						"size": [
							1,
							3.3,
							1
						],
						"uv": [
							40,
							97
						],
						"inflate": -0.1
					}
				]
			},
			{
				"name": "cover9_8",
				"parent": "fin10",
				"pivot": [
					2.11,
					-14.1,
					-0.35
				],
				"rotation": [
					1.15,
					-27.5,
					1.25
				],
				"cubes": [
					{
						"origin": [
							1.10791,
							-15.24338,
							-0.736
						],
						"size": [
							1,
							3.3,
							1
						],
						"uv": [
							36,
							97
						],
						"inflate": -0.1
					}
				]
			},
			{
				"name": "front3_5",
				"parent": "fin10",
				"pivot": [
					0,
					-16.5,
					1.3
				]
			},
			{
				"name": "front__8",
				"parent": "front3_5",
				"pivot": [
					0,
					-16.5,
					1
				],
				"rotation": [
					-1.25,
					45,
					-1.25
				],
				"cubes": [
					{
						"origin": [
							-1.20884,
							-15.34375,
							-0.23257
						],
						"size": [
							2.45,
							3.5,
							2.45
						],
						"uv": [
							50,
							55
						],
						"inflate": -0.2
					}
				]
			},
			{
				"name": "front3_6",
				"parent": "fin10",
				"pivot": [
					0,
					-13.5,
					-1
				]
			},
			{
				"name": "front__9",
				"parent": "front3_6",
				"pivot": [
					0,
					-13.10473,
					-0.99162
				],
				"rotation": [
					-1.25,
					45,
					-1.25
				],
				"cubes": [
					{
						"origin": [
							-1.22786,
							-15.34401,
							-2.23585
						],
						"size": [
							2.45,
							3.5,
							2.45
						],
						"uv": [
							42,
							55
						],
						"inflate": -0.2
					}
				]
			},
			{
				"name": "side_7",
				"parent": "fin10",
				"pivot": [
					-2.15,
					-15,
					0
				]
			},
			{
				"name": "side__7",
				"parent": "side_7",
				"pivot": [
					-2,
					-14,
					0
				],
				"rotation": [
					0,
					135,
					0
				],
				"cubes": [
					{
						"origin": [
							-2.96931,
							-15.75,
							-1.18145
						],
						"size": [
							2.135,
							4.2,
							2.135
						],
						"uv": [
							44,
							49
						],
						"inflate": -0.6
					}
				]
			},
			{
				"name": "side_8",
				"parent": "fin10",
				"pivot": [
					1.85,
					-15,
					0
				]
			},
			{
				"name": "side__8",
				"parent": "side_8",
				"pivot": [
					2,
					-14,
					0
				],
				"rotation": [
					0,
					135,
					0
				],
				"cubes": [
					{
						"origin": [
							0.81855,
							-15.75,
							-0.96931
						],
						"size": [
							2.135,
							4.2,
							2.135
						],
						"uv": [
							36,
							49
						],
						"inflate": -0.6
					}
				]
			},
			{
				"name": "cover__",
				"parent": "fin8",
				"pivot": [
					4,
					-10,
					1
				],
				"rotation": [
					0,
					-62.5,
					0
				],
				"cubes": [
					{
						"origin": [
							2.23763,
							-10,
							2.21557
						],
						"size": [
							1,
							3.5,
							1.5
						],
						"uv": [
							32,
							97
						],
						"inflate": -0.2
					}
				]
			},
			{
				"name": "cover__3",
				"parent": "fin8",
				"pivot": [
					4,
					-10,
					-1
				],
				"rotation": [
					0,
					-62.5,
					0
				],
				"cubes": [
					{
						"origin": [
							1.06839,
							-10,
							3.38052
						],
						"size": [
							1,
							3.5,
							1.5
						],
						"uv": [
							28,
							97
						],
						"inflate": -0.2
					}
				]
			},
			{
				"name": "cover__2",
				"parent": "fin8",
				"pivot": [
					-1,
					-10,
					1
				],
				"rotation": [
					0,
					62.5,
					0
				],
				"cubes": [
					{
						"origin": [
							-1.62287,
							-10,
							-0.44546
						],
						"size": [
							1,
							3.5,
							1.5
						],
						"uv": [
							24,
							97
						],
						"inflate": -0.2
					},
					{
						"origin": [
							1.32494,
							-10,
							1.79362
						],
						"size": [
							1,
							3.5,
							1.5
						],
						"uv": [
							20,
							97
						],
						"inflate": -0.2
					}
				]
			},
			{
				"name": "front3_",
				"parent": "fin8",
				"pivot": [
					0,
					-8.5,
					1.3
				]
			},
			{
				"name": "front__3",
				"parent": "front3_",
				"pivot": [
					0,
					-8.5,
					0.8
				],
				"rotation": [
					0,
					45,
					0
				],
				"cubes": [
					{
						"origin": [
							-1.49557,
							-10.2,
							0.02274
						],
						"size": [
							2.28,
							4.2,
							2.28
						],
						"uv": [
							28,
							49
						],
						"inflate": -0.2
					}
				]
			},
			{
				"name": "front3_2",
				"parent": "fin8",
				"pivot": [
					0,
					-8.5,
					-1.3
				]
			},
			{
				"name": "front__4",
				"parent": "front3_2",
				"pivot": [
					0,
					-8.5,
					-2.2
				],
				"rotation": [
					0,
					45,
					0
				],
				"cubes": [
					{
						"origin": [
							-1.77075,
							-10,
							-2.73642
						],
						"size": [
							2.28,
							4,
							2.28
						],
						"uv": [
							20,
							49
						],
						"inflate": -0.2
					}
				]
			},
			{
				"name": "front_2",
				"parent": "fin6",
				"pivot": [
					0,
					-2.5,
					0
				]
			},
			{
				"name": "front12",
				"parent": "front_2",
				"pivot": [
					0,
					-2.9,
					0
				]
			},
			{
				"name": "cover3_13",
				"parent": "front12",
				"pivot": [
					4,
					-5.9,
					2
				],
				"rotation": [
					0,
					47.5,
					-1
				],
				"cubes": [
					{
						"origin": [
							0.09248,
							-4.95436,
							-4.02227
						],
						"size": [
							1,
							3.6,
							1
						],
						"uv": [
							16,
							97
						],
						"inflate": -0.2
					}
				]
			},
			{
				"name": "cover3_14",
				"parent": "front12",
				"pivot": [
					4,
					-5.9,
					2
				],
				"rotation": [
					0,
					-42.5,
					1
				],
				"cubes": [
					{
						"origin": [
							1.46437,
							-5.02111,
							1.70825
						],
						"size": [
							1,
							3.6,
							1.03
						],
						"uv": [
							12,
							97
						],
						"inflate": -0.2
					}
				]
			},
			{
				"name": "front13",
				"parent": "front_2",
				"pivot": [
					0,
					-2.9,
					-5
				]
			},
			{
				"name": "cover3_15",
				"parent": "front13",
				"pivot": [
					4,
					-5.9,
					-3
				],
				"rotation": [
					0,
					42.5,
					-1
				],
				"cubes": [
					{
						"origin": [
							0.82707,
							-5.03781,
							-2.94024
						],
						"size": [
							1,
							3.6,
							1.05
						],
						"uv": [
							8,
							97
						],
						"inflate": -0.2
					}
				]
			},
			{
				"name": "cover3_16",
				"parent": "front13",
				"pivot": [
					4,
					-5.9,
					-3
				],
				"rotation": [
					0,
					-47.5,
					-1
				],
				"cubes": [
					{
						"origin": [
							0.82976,
							-4.95436,
							2.69786
						],
						"size": [
							1,
							3.6,
							1
						],
						"uv": [
							4,
							97
						],
						"inflate": -0.2
					}
				]
			},
			{
				"name": "side_set2",
				"parent": "fin5",
				"pivot": [
					4,
					-2.9,
					0
				]
			},
			{
				"name": "side_curve9",
				"parent": "side_set2",
				"pivot": [
					4,
					-2.9,
					0
				],
				"rotation": [
					0,
					0,
					1.5
				]
			},
			{
				"name": "side10",
				"parent": "side_curve9",
				"pivot": [
					4,
					-2.9,
					0
				],
				"rotation": [
					0,
					-12,
					0
				],
				"cubes": [
					{
						"origin": [
							2.85189,
							-2.55328,
							-0.25043
						],
						"size": [
							1,
							4,
							2
						],
						"uv": [
							24,
							71
						],
						"inflate": -0.363
					}
				]
			},
			{
				"name": "side11",
				"parent": "side_curve9",
				"pivot": [
					4,
					-2.9,
					0
				],
				"rotation": [
					0,
					12,
					0
				],
				"cubes": [
					{
						"origin": [
							2.85029,
							-2.55328,
							-1.74205
						],
						"size": [
							1,
							4,
							2
						],
						"uv": [
							18,
							71
						],
						"inflate": -0.363
					}
				]
			},
			{
				"name": "side_curve10",
				"parent": "side_set2",
				"pivot": [
					-7,
					-2.9,
					0
				],
				"rotation": [
					0,
					180,
					-3
				]
			},
			{
				"name": "side12",
				"parent": "side_curve10",
				"pivot": [
					-7,
					-2.9,
					0
				],
				"rotation": [
					0,
					-12,
					0
				],
				"cubes": [
					{
						"origin": [
							-11,
							-2.71029,
							0.36493
						],
						"size": [
							1,
							4,
							2
						],
						"uv": [
							12,
							71
						],
						"inflate": -0.363
					}
				]
			},
			{
				"name": "side18",
				"parent": "side_curve10",
				"pivot": [
					-7,
					-2.9,
					0
				],
				"rotation": [
					0,
					-12,
					0
				]
			},
			{
				"name": "side13",
				"parent": "side_curve10",
				"pivot": [
					-7,
					-2.9,
					0
				],
				"rotation": [
					0,
					12,
					0
				],
				"cubes": [
					{
						"origin": [
							-11.00533,
							-2.71029,
							-2.33985
						],
						"size": [
							1,
							4,
							2
						],
						"uv": [
							0,
							71
						],
						"inflate": -0.363
					}
				]
			},
			{
				"name": "front9",
				"parent": "fin5",
				"pivot": [
					-3,
					-3.9,
					3
				]
			},
			{
				"name": "curve3_9",
				"parent": "front9",
				"pivot": [
					4,
					-3.9,
					9
				],
				"rotation": [
					0,
					5,
					0
				],
				"cubes": [
					{
						"origin": [
							-1.8971,
							-2.18974,
							-2.3356
						],
						"size": [
							3,
							3,
							1
						],
						"uv": [
							64,
							66
						],
						"inflate": -0.027
					}
				]
			},
			{
				"name": "curve3_10",
				"parent": "front9",
				"pivot": [
					1,
					-3.9,
					9
				],
				"rotation": [
					0,
					5,
					0
				],
				"cubes": [
					{
						"origin": [
							0.48113,
							-2.22841,
							1.02558
						],
						"size": [
							3,
							3.4,
							1
						],
						"uv": [
							56,
							66
						],
						"inflate": -0.1
					}
				]
			},
			{
				"name": "curve3_11",
				"parent": "front9",
				"pivot": [
					-3.43578,
					-3.9,
					7.98097
				],
				"rotation": [
					0,
					-5,
					0
				],
				"cubes": [
					{
						"origin": [
							-3.48101,
							-2.23251,
							0.79964
						],
						"size": [
							3,
							3.4,
							1
						],
						"uv": [
							48,
							66
						],
						"inflate": -0.1
					}
				]
			},
			{
				"name": "curve3_12",
				"parent": "front9",
				"pivot": [
					-3,
					-3.9,
					3
				],
				"rotation": [
					0,
					-5,
					0
				],
				"cubes": [
					{
						"origin": [
							-0.65335,
							-2.18564,
							-2.25551
						],
						"size": [
							3,
							3,
							1
						],
						"uv": [
							40,
							66
						],
						"inflate": -0.027
					}
				]
			},
			{
				"name": "magic4",
				"parent": "fin4",
				"pivot": [
					0,
					12,
					0
				]
			},
			{
				"name": "magic_7",
				"parent": "magic4",
				"pivot": [
					6,
					3,
					0
				],
				"rotation": [
					0,
					180,
					0
				]
			},
			{
				"name": "magic_8",
				"parent": "magic4",
				"pivot": [
					-6,
					3,
					0
				]
			},
			{
				"name": "magic3",
				"parent": "fin3",
				"pivot": [
					0,
					12,
					0
				]
			},
			{
				"name": "magic_5",
				"parent": "magic3",
				"pivot": [
					6,
					5,
					0
				],
				"rotation": [
					0,
					180,
					0
				]
			},
			{
				"name": "magic_6",
				"parent": "magic3",
				"pivot": [
					-6,
					5,
					0
				]
			},
			{
				"name": "magic2",
				"parent": "fin2",
				"pivot": [
					0,
					12,
					0
				]
			},
			{
				"name": "magic_3",
				"parent": "magic2",
				"pivot": [
					6,
					8,
					0
				],
				"rotation": [
					0,
					180,
					0
				]
			},
			{
				"name": "magic_4",
				"parent": "magic2",
				"pivot": [
					-6,
					8,
					0
				]
			},
			{
				"name": "side",
				"parent": "fin1",
				"pivot": [
					-4,
					8,
					0
				]
			},
			{
				"name": "side_curve1_1",
				"parent": "side",
				"pivot": [
					-6,
					8,
					0
				],
				"rotation": [
					0,
					12.5,
					0
				],
				"cubes": [
					{
						"origin": [
							-4.63642,
							7.995,
							0.34216
						],
						"size": [
							1,
							4,
							2
						],
						"uv": [
							54,
							81
						],
						"inflate": 0.07
					}
				]
			},
			{
				"name": "side_curve1_4",
				"parent": "side",
				"pivot": [
					-6,
					8,
					0
				],
				"rotation": [
					0,
					-17.5,
					0
				],
				"cubes": [
					{
						"origin": [
							-4.67365,
							7.995,
							-2.48109
						],
						"size": [
							1,
							4,
							2
						],
						"uv": [
							54,
							81
						],
						"inflate": 0.07,
						"mirror": true
					}
				]
			},
			{
				"name": "magic1",
				"parent": "fin1",
				"pivot": [
					0,
					12,
					0
				]
			},
			{
				"name": "magic_1",
				"parent": "magic1",
				"pivot": [
					6,
					12,
					0
				]
			},
			{
				"name": "magic_2",
				"parent": "magic1",
				"pivot": [
					-6,
					12,
					0
				],
				"rotation": [
					0,
					180,
					0
				]
			},
			{
				"name": "m_rot",
				"parent": "magic_2",
				"pivot": [
					-19,
					10,
					0
				],
				"rotation": [
					0,
					180,
					0
				]
			},
			{
				"name": "bigf1",
				"parent": "fin1",
				"pivot": [
					0,
					12,
					0
				]
			},
			{
				"name": "magic_circle",
				"parent": "body",
				"pivot": [
					0,
					66,
					0
				]
			},
			{
				"name": "magic_circle_1",
				"parent": "magic_circle",
				"pivot": [
					0,
					66,
					0
				]
			},
			{
				"name": "magic_circle_1R",
				"parent": "magic_circle_1",
				"pivot": [
					0,
					66,
					16.5
				]
			},
			{
				"name": "magic_circle_1L",
				"parent": "magic_circle_1",
				"pivot": [
					0,
					66,
					16
				],
				"rotation": [
					0,
					180,
					0
				]
			},
			{
				"name": "magic_circle_2",
				"parent": "magic_circle",
				"pivot": [
					0,
					66,
					21
				]
			},
			{
				"name": "magic_circle_1R2",
				"parent": "magic_circle_2",
				"pivot": [
					0,
					66,
					21
				]
			},
			{
				"name": "magic_circle_1L2",
				"parent": "magic_circle_2",
				"pivot": [
					0,
					66,
					21
				],
				"rotation": [
					0,
					180,
					0
				]
			},
			{
				"name": "magic_circle_3",
				"parent": "magic_circle",
				"pivot": [
					0,
					66,
					29
				]
			},
			{
				"name": "magic_circle_1R3",
				"parent": "magic_circle_3",
				"pivot": [
					0,
					66,
					29
				]
			},
			{
				"name": "magic_circle_1L3",
				"parent": "magic_circle_3",
				"pivot": [
					0,
					66,
					29
				],
				"rotation": [
					180,
					180,
					0
				]
			},
			{
				"name": "head",
				"parent": "body",
				"pivot": [
					0,
					24,
					0
				]
			},
			{
				"name": "ear_fin1",
				"parent": "head",
				"pivot": [
					4,
					28,
					-1.3
				],
				"rotation": [
					0,
					55,
					5
				],
				"cubes": [
					{
						"origin": [
							3.95,
							26,
							-2
						],
						"size": [
							0.05,
							5,
							4
						],
						"uv": [
							73,
							65
						]
					}
				]
			},
			{
				"name": "ear_fin2",
				"parent": "head",
				"pivot": [
					-4,
					28,
					-1.3
				],
				"rotation": [
					0,
					-55,
					-5
				],
				"cubes": [
					{
						"origin": [
							-4.05,
							26,
							-2
						],
						"size": [
							0.05,
							5,
							4
						],
						"uv": [
							73,
							65
						]
					}
				]
			}
		]
	}
}