{
	"format_version": "1.10.0",
	"geometry.mermaid.helmet": {
		"texturewidth": 512,
		"textureheight": 128,
		"visible_bounds_width": 17,
		"visible_bounds_height": 13,
		"visible_bounds_offset": [
			0,
			2.5,
			0
		],
		"bones": [
			{
				"name": "head",
				"pivot": [
					0,
					24,
					0
				],
				"cubes": [
					{
						"origin": [
							-2,
							33,
							-3
						],
						"size": [
							4,
							4,
							4
						],
						"uv": [
							116,
							117
						],
						"inflate": 1
					}
				]
			}
		]
	}
}