{
	"format_version": "1.12.0",
	"minecraft:geometry": [
		{
			"description": {
				"identifier": "geometry.mermaid.sea_of_lament",
				"texture_width": 128,
				"texture_height": 128,
				"visible_bounds_width": 11,
				"visible_bounds_height": 7,
				"visible_bounds_offset": [
					0,
					1.5,
					0
				]
			},
			"bones": [
				{
					"name": "root",
					"pivot": [
						0,
						0,
						0
					]
				},
				{
					"name": "waist",
					"parent": "root",
					"pivot": [
						0,
						12,
						0
					]
				},
				{
					"name": "body",
					"parent": "waist",
					"pivot": [
						0,
						24,
						0
					]
				},
				{
					"name": "rightArm",
					"parent": "body",
					"pivot": [
						-5,
						22,
						0
					]
				},
				{
					"name": "rightSleeve",
					"parent": "rightArm",
					"pivot": [
						-5,
						22,
						0
					]
				},
				{
					"name": "rightItem",
					"parent": "rightArm",
					"pivot": [
						-6,
						15,
						1
					]
				},
				{
					"name": "item",
					"parent": "rightItem",
					"pivot": [
						0,
						0,
						0
					]
				},
				{
					"name": "handle",
					"parent": "item",
					"pivot": [
						0,
						0,
						0
					],
					"cubes": [
						{
							"origin": [
								-1,
								0,
								-1
							],
							"size": [
								2,
								40,
								2
							],
							"inflate": 0.1,
							"uv": {
								"north": {
									"uv": [
										5,
										88
									],
									"uv_size": [
										2,
										40
									]
								},
								"east": {
									"uv": [
										5,
										88
									],
									"uv_size": [
										2,
										40
									]
								},
								"south": {
									"uv": [
										5,
										88
									],
									"uv_size": [
										2,
										40
									]
								},
								"west": {
									"uv": [
										5,
										88
									],
									"uv_size": [
										2,
										40
									]
								},
								"up": {
									"uv": [
										128,
										128
									],
									"uv_size": [
										-2,
										-2
									]
								},
								"down": {
									"uv": [
										7,
										88
									],
									"uv_size": [
										-2,
										-2
									]
								}
							}
						},
						{
							"origin": [
								-1,
								0,
								-1
							],
							"size": [
								2,
								40,
								2
							],
							"inflate": 0.1,
							"uv": {
								"north": {
									"uv": [
										5,
										88
									],
									"uv_size": [
										2,
										40
									]
								},
								"east": {
									"uv": [
										5,
										88
									],
									"uv_size": [
										2,
										40
									]
								},
								"south": {
									"uv": [
										5,
										88
									],
									"uv_size": [
										2,
										40
									]
								},
								"west": {
									"uv": [
										5,
										88
									],
									"uv_size": [
										2,
										40
									]
								},
								"up": {
									"uv": [
										128,
										128
									],
									"uv_size": [
										-2,
										-2
									]
								},
								"down": {
									"uv": [
										7,
										88
									],
									"uv_size": [
										-2,
										-2
									]
								}
							}
						}
					]
				},
				{
					"name": "ring",
					"parent": "item",
					"pivot": [
						0,
						0,
						0
					]
				},
				{
					"name": "ringneck",
					"parent": "ring",
					"pivot": [
						0,
						0,
						0
					],
					"cubes": [
						{
							"origin": [
								-9.5,
								-4,
								0
							],
							"size": [
								19,
								8,
								0
							],
							"inflate": 0.1,
							"uv": {
								"north": {
									"uv": [
										12,
										105
									],
									"uv_size": [
										19,
										8
									]
								},
								"east": {
									"uv": [
										0,
										0
									],
									"uv_size": [
										0,
										8
									]
								},
								"south": {
									"uv": [
										31,
										105
									],
									"uv_size": [
										-19,
										8
									]
								},
								"west": {
									"uv": [
										0,
										0
									],
									"uv_size": [
										0,
										8
									]
								},
								"up": {
									"uv": [
										19,
										0
									],
									"uv_size": [
										-19,
										0
									]
								},
								"down": {
									"uv": [
										19,
										0
									],
									"uv_size": [
										-19,
										0
									]
								}
							}
						},
						{
							"origin": [
								-9.5,
								-4,
								0
							],
							"size": [
								19,
								8,
								0
							],
							"inflate": 0.1,
							"uv": {
								"north": {
									"uv": [
										12,
										105
									],
									"uv_size": [
										19,
										8
									]
								},
								"east": {
									"uv": [
										0,
										0
									],
									"uv_size": [
										0,
										8
									]
								},
								"south": {
									"uv": [
										31,
										105
									],
									"uv_size": [
										-19,
										8
									]
								},
								"west": {
									"uv": [
										0,
										0
									],
									"uv_size": [
										0,
										8
									]
								},
								"up": {
									"uv": [
										19,
										0
									],
									"uv_size": [
										-19,
										0
									]
								},
								"down": {
									"uv": [
										19,
										0
									],
									"uv_size": [
										-19,
										0
									]
								}
							}
						}
					]
				},
				{
					"name": "wings",
					"parent": "item",
					"pivot": [
						0,
						0,
						0
					]
				},
				{
					"name": "wing",
					"parent": "wings",
					"pivot": [
						0,
						0,
						0
					],
					"cubes": [
						{
							"origin": [
								-29,
								-10.5,
								0
							],
							"size": [
								29,
								21,
								0
							],
							"inflate": 0.1,
							"uv": {
								"north": {
									"uv": [
										0,
										0
									],
									"uv_size": [
										29,
										21
									]
								},
								"east": {
									"uv": [
										128,
										107
									],
									"uv_size": [
										0,
										21
									]
								},
								"south": {
									"uv": [
										29,
										0
									],
									"uv_size": [
										-29,
										21
									]
								},
								"west": {
									"uv": [
										128,
										107
									],
									"uv_size": [
										0,
										21
									]
								},
								"up": {
									"uv": [
										128,
										128
									],
									"uv_size": [
										-29,
										0
									]
								},
								"down": {
									"uv": [
										128,
										128
									],
									"uv_size": [
										-29,
										0
									]
								}
							}
						},
						{
							"origin": [
								-29,
								-10.5,
								0
							],
							"size": [
								29,
								21,
								0
							],
							"inflate": 0.1,
							"uv": {
								"north": {
									"uv": [
										0,
										0
									],
									"uv_size": [
										29,
										21
									]
								},
								"east": {
									"uv": [
										128,
										107
									],
									"uv_size": [
										0,
										21
									]
								},
								"south": {
									"uv": [
										29,
										0
									],
									"uv_size": [
										-29,
										21
									]
								},
								"west": {
									"uv": [
										128,
										107
									],
									"uv_size": [
										0,
										21
									]
								},
								"up": {
									"uv": [
										128,
										128
									],
									"uv_size": [
										-29,
										0
									]
								},
								"down": {
									"uv": [
										128,
										128
									],
									"uv_size": [
										-29,
										0
									]
								}
							}
						}
					]
				},
				{
					"name": "wing2",
					"parent": "wings",
					"pivot": [
						0,
						0,
						0
					],
					"cubes": [
						{
							"origin": [
								-29,
								-10.5,
								0
							],
							"size": [
								29,
								21,
								0
							],
							"inflate": 0.1,
							"pivot": [
								0,
								0,
								0
							],
							"rotation": [
								0,
								0,
								90
							],
							"uv": {
								"north": {
									"uv": [
										0,
										0
									],
									"uv_size": [
										29,
										21
									]
								},
								"east": {
									"uv": [
										128,
										107
									],
									"uv_size": [
										0,
										21
									]
								},
								"south": {
									"uv": [
										29,
										0
									],
									"uv_size": [
										-29,
										21
									]
								},
								"west": {
									"uv": [
										128,
										107
									],
									"uv_size": [
										0,
										21
									]
								},
								"up": {
									"uv": [
										128,
										128
									],
									"uv_size": [
										-29,
										0
									]
								},
								"down": {
									"uv": [
										128,
										128
									],
									"uv_size": [
										-29,
										0
									]
								}
							}
						},
						{
							"origin": [
								-29,
								-10.5,
								0
							],
							"size": [
								29,
								21,
								0
							],
							"inflate": 0.1,
							"pivot": [
								0,
								0,
								0
							],
							"rotation": [
								0,
								0,
								90
							],
							"uv": {
								"north": {
									"uv": [
										0,
										0
									],
									"uv_size": [
										29,
										21
									]
								},
								"east": {
									"uv": [
										128,
										107
									],
									"uv_size": [
										0,
										21
									]
								},
								"south": {
									"uv": [
										29,
										0
									],
									"uv_size": [
										-29,
										21
									]
								},
								"west": {
									"uv": [
										128,
										107
									],
									"uv_size": [
										0,
										21
									]
								},
								"up": {
									"uv": [
										128,
										128
									],
									"uv_size": [
										-29,
										0
									]
								},
								"down": {
									"uv": [
										128,
										128
									],
									"uv_size": [
										-29,
										0
									]
								}
							}
						}
					]
				},
				{
					"name": "wing3",
					"parent": "wings",
					"pivot": [
						0,
						0,
						0
					],
					"cubes": [
						{
							"origin": [
								-18,
								-1,
								0
							],
							"size": [
								18,
								20,
								0
							],
							"inflate": 0.1,
							"uv": {
								"north": {
									"uv": [
										29,
										0
									],
									"uv_size": [
										18,
										20
									]
								},
								"east": {
									"uv": [
										128,
										101
									],
									"uv_size": [
										0,
										27
									]
								},
								"south": {
									"uv": [
										47,
										0
									],
									"uv_size": [
										-18,
										20
									]
								},
								"west": {
									"uv": [
										128,
										101
									],
									"uv_size": [
										0,
										27
									]
								},
								"up": {
									"uv": [
										128,
										128
									],
									"uv_size": [
										-22,
										0
									]
								},
								"down": {
									"uv": [
										128,
										128
									],
									"uv_size": [
										-22,
										0
									]
								}
							}
						},
						{
							"origin": [
								-18,
								-1,
								0
							],
							"size": [
								18,
								20,
								0
							],
							"inflate": 0.1,
							"uv": {
								"north": {
									"uv": [
										29,
										0
									],
									"uv_size": [
										18,
										20
									]
								},
								"east": {
									"uv": [
										128,
										101
									],
									"uv_size": [
										0,
										27
									]
								},
								"south": {
									"uv": [
										47,
										0
									],
									"uv_size": [
										-18,
										20
									]
								},
								"west": {
									"uv": [
										128,
										101
									],
									"uv_size": [
										0,
										27
									]
								},
								"up": {
									"uv": [
										128,
										128
									],
									"uv_size": [
										-22,
										0
									]
								},
								"down": {
									"uv": [
										128,
										128
									],
									"uv_size": [
										-22,
										0
									]
								}
							}
						}
					]
				},
				{
					"name": "wing4",
					"parent": "wings",
					"pivot": [
						0,
						0,
						0
					],
					"cubes": [
						{
							"origin": [
								-17,
								-19,
								0
							],
							"size": [
								18,
								20,
								0
							],
							"inflate": 0.1,
							"uv": {
								"north": {
									"uv": [
										29,
										20
									],
									"uv_size": [
										18,
										18
									]
								},
								"east": {
									"uv": [
										128,
										101
									],
									"uv_size": [
										0,
										27
									]
								},
								"south": {
									"uv": [
										47,
										20
									],
									"uv_size": [
										-18,
										18
									]
								},
								"west": {
									"uv": [
										128,
										101
									],
									"uv_size": [
										0,
										27
									]
								},
								"up": {
									"uv": [
										128,
										128
									],
									"uv_size": [
										-22,
										0
									]
								},
								"down": {
									"uv": [
										128,
										128
									],
									"uv_size": [
										-22,
										0
									]
								}
							}
						},
						{
							"origin": [
								-17,
								-19,
								0
							],
							"size": [
								18,
								20,
								0
							],
							"inflate": 0.1,
							"uv": {
								"north": {
									"uv": [
										29,
										20
									],
									"uv_size": [
										18,
										18
									]
								},
								"east": {
									"uv": [
										128,
										101
									],
									"uv_size": [
										0,
										27
									]
								},
								"south": {
									"uv": [
										47,
										20
									],
									"uv_size": [
										-18,
										18
									]
								},
								"west": {
									"uv": [
										128,
										101
									],
									"uv_size": [
										0,
										27
									]
								},
								"up": {
									"uv": [
										128,
										128
									],
									"uv_size": [
										-22,
										0
									]
								},
								"down": {
									"uv": [
										128,
										128
									],
									"uv_size": [
										-22,
										0
									]
								}
							}
						}
					]
				},
				{
					"name": "shell",
					"parent": "item",
					"pivot": [
						0,
						0,
						0
					],
					"cubes": [
						{
							"origin": [
								-16,
								-16,
								0
							],
							"size": [
								32,
								32,
								0
							],
							"inflate": 0.1,
							"uv": {
								"north": {
									"uv": [
										24,
										40
									],
									"uv_size": [
										32,
										32
									]
								},
								"east": {
									"uv": [
										0,
										0
									],
									"uv_size": [
										0,
										32
									]
								},
								"south": {
									"uv": [
										56,
										40
									],
									"uv_size": [
										-32,
										32
									]
								},
								"west": {
									"uv": [
										0,
										0
									],
									"uv_size": [
										0,
										32
									]
								},
								"up": {
									"uv": [
										32,
										0
									],
									"uv_size": [
										-32,
										0
									]
								},
								"down": {
									"uv": [
										32,
										0
									],
									"uv_size": [
										-32,
										0
									]
								}
							}
						}
					]
				},
				{
					"name": "test",
					"parent": "item",
					"pivot": [
						0,
						0,
						0
					],
					"texture_meshes": [
						{
							"texture": "ring",
							"position": [
								0,
								0,
								0
							]
						}
					]
				},
				{
					"name": "leftArm",
					"parent": "body",
					"pivot": [
						5,
						22,
						0
					]
				},
				{
					"name": "head",
					"parent": "body",
					"pivot": [
						0,
						18,
						0
					]
				},
				{
					"name": "locRot",
					"parent": "head",
					"pivot": [
						0,
						22,
						-24
					],
					"locators": {
						"locatorP": [
							0,
							22,
							-24
						]
					}
				}
			]
		}
	]
}