{
	"format_version": "1.8.0",
	"animations": {
		"animation.creeper.legs": {
			"loop": true,
			"bones": {
				"leg0": {
					"rotation": [
						"variable.leg_rot-this",
						0,
						0
					]
				},
				"leg1": {
					"rotation": [
						"-variable.leg_rot-this",
						0,
						0
					]
				},
				"leg2": {
					"rotation": [
						"-variable.leg_rot-this",
						0,
						0
					]
				},
				"leg3": {
					"rotation": [
						"variable.leg_rot-this",
						0,
						0
					]
				},
				"head": {
					"scale": [
						1,
						1,
						1
					]
				}
			}
		},
		"animation.creeper.swelling": {
			"loop": true,
			"bones": {
				"body": {
					"scale": [
						"variable.swelling_scale1",
						"variable.swelling_scale2",
						"variable.swelling_scale1"
					]
				},
				"head": {
					"scale": [
						"variable.swelling_scale1",
						"variable.swelling_scale2",
						"variable.swelling_scale1"
					]
				},
				"leg0": {
					"scale": [
						"variable.swelling_scale1",
						"variable.swelling_scale2",
						"variable.swelling_scale1"
					]
				},
				"leg1": {
					"scale": [
						"variable.swelling_scale1",
						"variable.swelling_scale2",
						"variable.swelling_scale1"
					]
				},
				"leg2": {
					"scale": [
						"variable.swelling_scale1",
						"variable.swelling_scale2",
						"variable.swelling_scale1"
					]
				},
				"leg3": {
					"scale": [
						"variable.swelling_scale1",
						"variable.swelling_scale2",
						"variable.swelling_scale1"
					]
				}
			}
		}
	}
}