{
	"format_version": "1.8.0",
	"animations": {
		"animation.mermaid_fin.on_ground": {
			"loop": true,
			"override_previous_animation": true,
			"bones": {
				"fin3": {
					"rotation": [
						"-11+math.sin((query.life_time+math.pi*0.5)*200)*1.8",
						0,
						0
					],
					"position": [
						0,
						0.4,
						0.1
					]
				},
				"fin4": {
					"rotation": [
						"-12+math.sin((query.life_time+math.pi*0.75)*200)*1.8",
						0,
						0
					],
					"position": [
						0,
						0.5,
						0
					],
					"scale": 1
				},
				"fin5": {
					"rotation": [
						"-11.5+math.sin(query.life_time*200)*1.5",
						0,
						0
					],
					"position": [
						0,
						0.7,
						0.1
					]
				},
				"fin2": {
					"rotation": [
						"-10+math.sin((query.life_time+math.pi*0.25)*200)*1.8",
						0,
						0
					],
					"position": [
						0.1,
						0.5,
						0
					],
					"scale": [
						1,
						1,
						1.05
					]
				},
				"fin6": {
					"rotation": [
						"-12+math.sin((query.life_time+math.pi*0.25)*200)*1.5",
						0,
						0
					],
					"position": [
						0,
						0.2,
						0
					],
					"scale": [
						1.1,
						1,
						1.3
					]
				},
				"fin1": {
					"rotation": [
						"-6.5+math.sin(query.life_time*200)*1.8",
						0,
						0
					],
					"scale": 0.9
				},
				"aaa": {
					"position": [
						0,
						0,
						0
					]
				},
				"fin7": {
					"rotation": [
						"-11+math.sin((query.life_time+math.pi*0.5)*200)*1.5",
						0,
						0
					],
					"position": [
						0,
						0.25,
						0
					],
					"scale": 1
				},
				"curve3_16": {
					"position": [
						0,
						0,
						0
					]
				},
				"fin8": {
					"rotation": [
						"-10+math.sin((query.life_time+math.pi*0.75)*200)*1.5",
						0,
						0
					],
					"position": [
						0,
						0,
						0
					],
					"scale": [
						1,
						1,
						0.9
					]
				},
				"fin9": {
					"rotation": [
						"-9+math.sin(query.life_time*200)*1.5",
						0,
						0
					],
					"scale": [
						1.1,
						0.9,
						0.9
					]
				},
				"side__": {
					"scale": [
						0.1,
						1,
						1
					]
				},
				"side__2": {
					"scale": [
						0.1,
						1,
						1
					]
				},
				"side_3": {
					"scale": [
						0.4,
						1,
						1
					]
				},
				"side_4": {
					"scale": [
						0.3,
						1,
						1
					]
				},
				"side__4": {
					"scale": [
						1,
						1,
						1.1
					]
				},
				"front_7": {
					"scale": [
						1,
						1,
						0.1
					]
				},
				"front_3": {
					"scale": [
						1,
						1,
						0.1
					]
				},
				"front3_": {
					"scale": [
						1,
						1,
						0.1
					]
				},
				"front3_2": {
					"scale": [
						1,
						1,
						0.1
					]
				},
				"cover__2": {
					"scale": [
						1,
						0.9,
						1
					]
				},
				"front__3": {
					"scale": [
						1,
						0.9,
						1
					]
				},
				"front3_3": {
					"scale": [
						1,
						1,
						0.2
					]
				},
				"front__5": {
					"position": [
						0,
						0,
						-1
					],
					"scale": 1
				},
				"front3_4": {
					"scale": [
						1,
						1,
						0.2
					]
				},
				"side_5": {
					"scale": [
						0.2,
						1,
						1
					]
				},
				"side__5": {
					"position": [
						0,
						0,
						0
					]
				},
				"side_6": {
					"position": [
						0.75,
						0,
						0
					],
					"scale": [
						0.2,
						1,
						1
					]
				},
				"side__6": {
					"position": [
						-2.5,
						0,
						0
					],
					"scale": [
						0.9,
						1,
						1
					]
				},
				"fin10": {
					"rotation": [
						"-8+math.sin((query.life_time+math.pi*0.25)*200)*1.5",
						0,
						0
					],
					"position": [
						0,
						0.2,
						0
					],
					"scale": [
						0.9,
						0.9,
						0.95
					]
				},
				"front3_5": {
					"position": [
						0,
						0,
						-0.1
					],
					"scale": {
						"0.0": [
							1,
							1,
							0.2
						],
						"3.04": [
							1,
							1,
							0.2
						]
					}
				},
				"front__8": {
					"position": [
						0,
						0,
						-0.9
					]
				},
				"front3_6": {
					"scale": {
						"0.0": [
							1,
							1,
							0.2
						],
						"3.04": [
							1,
							1,
							0.3
						]
					}
				},
				"side_7": {
					"scale": [
						0.2,
						1,
						1
					]
				},
				"side_8": {
					"scale": [
						0.4,
						1,
						1
					]
				},
				"side__8": {
					"position": [
						0.5,
						0,
						0
					]
				},
				"fin11": {
					"rotation": [
						"-7+math.sin((query.life_time+math.pi*0.5)*200)*5",
						0,
						0
					],
					"position": [
						0,
						0.2,
						0
					],
					"scale": [
						0.89,
						1.1,
						1
					]
				},
				"front3_7": {
					"position": [
						0,
						0,
						-0.2
					],
					"scale": [
						1,
						1,
						0.2
					]
				},
				"front3_8": {
					"scale": [
						1,
						1,
						0.2
					]
				},
				"side_9": {
					"scale": [
						0.3,
						1,
						1
					]
				},
				"side_10": {
					"scale": [
						0.4,
						1,
						1
					]
				},
				"side__10": {
					"position": [
						0.5,
						0,
						0
					]
				},
				"tail_fin": {
					"position": [
						0,
						1,
						0
					],
					"scale": [
						1,
						1.9,
						1
					]
				},
				"fin12": {
					"rotation": [
						"-5+math.sin((query.life_time+math.pi*0.75)*200)*4",
						0,
						0
					],
					"position": [
						0,
						0.1,
						0
					],
					"scale": [
						0.87,
						1,
						1
					]
				},
				"front3_9": {
					"position": [
						0,
						0,
						-0.3
					],
					"scale": [
						1,
						1,
						0.1
					]
				},
				"front3_10": {
					"scale": [
						1,
						1,
						0.1
					]
				},
				"side_11": {
					"scale": [
						0.5,
						1,
						1
					]
				},
				"side_12": {
					"scale": [
						0.5,
						1,
						1
					]
				},
				"side__12": {
					"position": [
						0.4,
						0,
						0
					]
				},
				"tail_finRot1": {
					"rotation": [
						"1+math.sin(query.life_time*200)*2",
						0,
						0
					],
					"position": [
						0,
						-1,
						0
					],
					"scale": [
						1.2,
						1.1,
						1.3
					]
				},
				"front__12": {
					"scale": [
						1.1,
						1,
						1
					]
				},
				"flat": {
					"rotation": [
						2,
						0,
						0
					],
					"position": [
						0.2,
						-0.5,
						0
					],
					"scale": [
						0.7,
						0.8,
						1
					]
				},
				"front__10": {
					"scale": [
						0.9,
						1,
						1
					]
				},
				"front__11": {
					"scale": [
						0.8,
						1,
						1
					]
				},
				"bigf1": {
					"rotation": [
						-25,
						0,
						0
					],
					"scale": [
						1.1,
						0.9,
						1
					]
				}
			}
		}
	}
}