{
	"format_version": "1.8.0",
	"animations": {
		"animation.shackles.seiren_resonance": {
			"loop": true,
			"override_previous_animation": true,
			"bones": {
				"magic_conduits": {
					"rotation": [
						90,
						0,
						0
					],
					"scale": [
						1.6,
						2.7,
						1.6
					]
				},
				"wing1": {
					"rotation": [
						37.5,
						"-q.life_time*100",
						0
					],
					"position": [
						"math.sin((q.life_time)*300+40+math.sin(q.life_time*100)*40)*5",
						0,
						"math.cos((q.life_time)*300+40+math.sin(q.life_time*100)*40)*5"
					]
				},
				"wing2": {
					"rotation": [
						37.5,
						"-q.life_time*100",
						0
					],
					"position": [
						"-math.sin((q.life_time)*300+40+math.sin(q.life_time*100)*40)*5",
						0,
						"-math.cos((q.life_time)*300+40+math.sin(q.life_time*100)*40)*5"
					]
				},
				"center": {
					"rotation": [
						37.5,
						0,
						0
					]
				},
				"leftArm": {
					"rotation": [
						-42.5,
						0,
						0
					]
				},
				"rot": {
					"rotation": [
						0,
						0,
						0
					]
				},
				"wrot1": {
					"rotation": [
						0,
						0,
						-45
					]
				},
				"wrot2": {
					"rotation": [
						0,
						0,
						-45
					]
				},
				"center_scale": {
					"rotation": [
						0,
						"q.life_time*100",
						0
					],
					"scale": [
						1.2,
						2.8,
						1.2
					]
				}
			}
		}
	}
}