{
	"format_version": "1.10.0",
	"animations": {
		"animation.large_item.hold": {
			"loop": true,
			"bones": {
				"rightitem": {
					"position": [
						"c.is_first_person?0:1",
						"c.is_first_person?7:-1",
						"c.is_first_person?0:1"
					],
					"rotation": [
						"c.is_first_person?90:-1",
						"c.is_first_person?75:15",
						"c.is_first_person?-15:30"
					],
					"scale": [
						"c.is_first_person?2:1.5",
						"c.is_first_person?2:1.5",
						"c.is_first_person?2:1.5"
					]
				}
			}
		}
	}
}